-- phpMyAdmin SQL Dump
-- version 4.8.3
-- https://www.phpmyadmin.net/
--
-- Host: 127.0.0.1
-- Generation Time: Feb 24, 2021 at 03:35 AM
-- Server version: 10.1.37-MariaDB
-- PHP Version: 7.2.12

SET SQL_MODE = "NO_AUTO_VALUE_ON_ZERO";
SET AUTOCOMMIT = 0;
START TRANSACTION;
SET time_zone = "+00:00";


/*!40101 SET @OLD_CHARACTER_SET_CLIENT=@@CHARACTER_SET_CLIENT */;
/*!40101 SET @OLD_CHARACTER_SET_RESULTS=@@CHARACTER_SET_RESULTS */;
/*!40101 SET @OLD_COLLATION_CONNECTION=@@COLLATION_CONNECTION */;
/*!40101 SET NAMES utf8mb4 */;

--
-- Database: `tsmm-pos`
--

-- --------------------------------------------------------

--
-- Table structure for table `tbl_barang`
--

CREATE TABLE `tbl_barang` (
  `barang_id` varchar(15) NOT NULL,
  `barang_nama` varchar(150) DEFAULT NULL,
  `barang_satuan` varchar(30) DEFAULT NULL,
  `barang_harpok` double DEFAULT NULL,
  `barang_harjul` double DEFAULT NULL,
  `barang_harjul_grosir` double DEFAULT NULL,
  `barang_stok` int(11) DEFAULT '0',
  `barang_min_stok` int(11) DEFAULT '0',
  `barang_tgl_input` timestamp NULL DEFAULT CURRENT_TIMESTAMP,
  `barang_tgl_last_update` datetime DEFAULT NULL,
  `barang_kategori_id` int(11) DEFAULT NULL,
  `barang_user_id` int(11) DEFAULT NULL
) ENGINE=InnoDB DEFAULT CHARSET=latin1;

--
-- Dumping data for table `tbl_barang`
--

INSERT INTO `tbl_barang` (`barang_id`, `barang_nama`, `barang_satuan`, `barang_harpok`, `barang_harjul`, `barang_harjul_grosir`, `barang_stok`, `barang_min_stok`, `barang_tgl_input`, `barang_tgl_last_update`, `barang_kategori_id`, `barang_user_id`) VALUES
('BR000001', 'BUNGA KELADI', 'PCS', 100000, 100000, 100000, 998, 0, '2021-02-19 02:28:38', '2021-02-20 12:58:56', 48, 5),
('BR000002', 'HIPOTES', 'PCS', 100000, 100000, 100000, 993, 0, '2021-02-19 03:29:46', NULL, 55, 5),
('BR000003', 'SPIDER PLANT', 'PCS', 50000, 50000, 50000, 998, 0, '2021-02-19 04:02:29', NULL, 47, 5),
('BR000004', 'CALATHEA CRIMSON', 'PCS', 400000, 400000, 400000, 998, 0, '2021-02-19 04:20:32', '2021-02-19 12:35:49', 47, 5),
('BR000005', 'BEGONIA', 'PCS', 100000, 100000, 100000, 998, 0, '2021-02-19 04:20:53', NULL, 47, 5),
('BR000006', 'SUKSOM', 'PCS', 440000, 440000, 440000, 999, 0, '2021-02-19 04:21:18', '2021-02-19 12:29:49', 47, 5),
('BR000007', 'SPANISH MOSH', 'PCS', 75000, 75000, 75000, 994, 0, '2021-02-19 04:28:14', NULL, 47, 5),
('BR000008', 'AGLO SUKSOM', 'PCS', 440000, 440000, 440000, 998, 0, '2021-02-19 04:34:35', NULL, 47, 5),
('BR000009', 'WIDE SELEDRI', 'PCS', 50000, 50000, 50000, 996, 0, '2021-02-19 04:43:27', NULL, 54, 5),
('BR000010', 'AB MIX', 'PCS', 15000, 15000, 15000, 991, 0, '2021-02-19 04:43:47', NULL, 54, 5),
('BR000011', 'BEGONIA KEONG', 'PCS', 75000, 75000, 75000, 998, 0, '2021-02-19 05:33:35', NULL, 52, 5),
('BR000012', 'CALATHEA CORONA', 'PCS', 200000, 200000, 200000, 998, 0, '2021-02-19 05:38:15', NULL, 49, 5),
('BR000013', 'CALATHEA MAKOYANA', 'PCS', 200000, 200000, 200000, 998, 0, '2021-02-19 05:38:57', NULL, 49, 5),
('BR000014', 'BENIH SELADA REPADE', 'PCS', 5000, 5000, 5000, 997, 0, '2021-02-19 05:42:33', '2021-02-19 13:53:31', 54, 5),
('BR000015', 'ROCKWOOL', 'PCS', 20000, 20000, 20000, 996, 0, '2021-02-19 05:43:09', NULL, 54, 5),
('BR000016', 'SUKULEN', 'PCS', 25000, 25000, 25000, 997, 0, '2021-02-19 05:46:21', NULL, 55, 5),
('BR000017', 'SANSEVERIA LAV 23251', 'PCS', 75000, 75000, 75000, 998, 0, '2021-02-19 06:09:24', NULL, 51, 5),
('BR000018', 'SANSEVERIA BLUE LAEF', 'PCS', 50000, 50000, 50000, 997, 0, '2021-02-19 06:10:03', NULL, 51, 5),
('BR000019', 'ASTRO KABUTTO', 'PCS', 50000, 50000, 50000, 998, 0, '2021-02-19 06:10:37', NULL, 51, 5),
('BR000020', 'POT PANJANG', 'PCS', 30000, 30000, 30000, 998, 0, '2021-02-19 06:44:46', NULL, 53, 5),
('BR000021', 'SIRIH MELON', 'PCS', 50000, 50000, 50000, 998, 0, '2021-02-19 07:23:09', NULL, 53, 6),
('BR000022', 'KILAP DAUN', 'PCS', 30000, 30000, 30000, 992, 0, '2021-02-19 07:26:02', NULL, 46, 6),
('BR000023', 'HIPOTES PINK', 'PCS', 90000, 90000, 90000, 998, 0, '2021-02-19 07:29:46', NULL, 55, 6),
('BR000024', 'AGLO PINK CASRINA', 'PCS', 240000, 240000, 240000, 998, 0, '2021-02-19 07:32:16', NULL, 47, 6),
('BR000025', 'BENIH SAYURAN', 'PCS', 5000, 5000, 5000, 968, 0, '2021-02-19 07:57:30', NULL, 54, 6),
('BR000026', 'JANDA BOLONG', 'PCS', 75000, 75000, 75000, 985, 0, '2021-02-19 07:58:13', NULL, 55, 6),
('BR000027', 'JANBOL ADANSONI', 'PCS', 70000, 70000, 70000, 998, 0, '2021-02-19 08:03:12', NULL, 52, 6),
('BR000028', 'AGLO ACEH', 'PCS', 40000, 40000, 40000, 990, 0, '2021-02-19 08:03:40', NULL, 52, 6),
('BR000029', 'CHOCOFIBER', 'PCS', 10000, 10000, 10000, 988, 0, '2021-02-19 08:16:08', NULL, 55, 6),
('BR000030', 'NETPOT', 'PCS', 1000, 1000, 1000, 944, 0, '2021-02-19 08:46:51', NULL, 54, 5),
('BR000031', 'PAKET HIDROPONOIK PEMULA', 'PCS', 140000, 140000, 140000, 995, 0, '2021-02-19 09:03:36', NULL, 54, 5),
('BR000032', 'TUTUP BAK', 'PCS', 25000, 25000, 25000, 998, 0, '2021-02-19 09:04:22', NULL, 54, 5),
('BR000033', 'BENIH KEMANGI', 'PCS', 5000, 5000, 5000, 997, 0, '2021-02-19 09:04:42', NULL, 54, 5),
('BR000034', 'BIBIT MINT', 'PCS', 10000, 10000, 10000, 998, 0, '2021-02-19 09:34:19', NULL, 54, 5),
('BR000035', 'CALATHEA ZABRINA', 'PCS', 150000, 150000, 150000, 998, 0, '2021-02-19 09:50:36', NULL, 47, 6),
('BR000036', 'POT GRABAH ABU ABU SUPULEN', 'PCS', 100000, 100000, 100000, 997, 0, '2021-02-19 09:54:13', NULL, 55, 6),
('BR000037', 'TERARIUM', 'PCS', 250000, 250000, 250000, 995, 0, '2021-02-19 09:54:34', NULL, 55, 6),
('BR000038', 'SELADA HIJAU', 'PCS', 20000, 20000, 20000, 978, 0, '2021-02-19 11:13:17', NULL, 54, 6),
('BR000039', 'ECHINOPSIS SUDENUDATA', 'PCS', 100000, 100000, 100000, 998, 0, '2021-02-19 11:23:21', NULL, 51, 6),
('BR000040', 'MAMMILAVI SSP', 'PCS', 30000, 30000, 30000, 997, 0, '2021-02-19 11:23:50', NULL, 51, 6),
('BR000041', 'SIRIH MARBLE', 'PCS', 75000, 75000, 75000, 997, 0, '2021-02-19 11:40:16', NULL, 47, 6),
('BR000042', 'HAWORTHIA', 'PCS', 75000, 75000, 75000, 998, 0, '2021-02-19 11:44:34', NULL, 51, 6),
('BR000043', 'B. ACUMINATA', 'PCS', 200000, 200000, 200000, 998, 0, '2021-02-19 11:47:51', NULL, 46, 6),
('BR000044', 'DRAGON SCALE', 'PCS', 100000, 100000, 100000, 996, 0, '2021-02-19 11:53:03', NULL, 46, 6),
('BR000045', 'METAN PREMIUM SOKULEN', 'PCS', 35000, 35000, 35000, 995, 0, '2021-02-20 01:15:57', NULL, 51, 6),
('BR000046', 'POT BERSISIK', 'PCS', 100000, 100000, 100000, 998, 0, '2021-02-20 01:20:33', NULL, 49, 6),
('BR000047', 'LUMUT HUTAN', 'PCS', 35000, 35000, 35000, 984, 0, '2021-02-20 02:53:14', '2021-02-20 17:56:10', 49, 5),
('BR000048', 'SERUM', 'PCS', 175000, 175000, 175000, 997, 0, '2021-02-20 02:55:21', NULL, 46, 6),
('BR000049', 'BEGONIA POLKA', 'PCS', 150000, 150000, 150000, 998, 0, '2021-02-20 03:01:33', NULL, 46, 6),
('BR000050', 'POT SENYUM TANAH LIAT', 'PCS', 100000, 100000, 100000, 998, 0, '2021-02-20 03:04:16', NULL, 49, 6),
('BR000051', 'POT HIDUNG MANCUNG TANAH LIAT', 'PCS', 100000, 100000, 100000, 998, 0, '2021-02-20 03:04:44', NULL, 49, 6),
('BR000052', 'SEKAM BAKAR', 'PCS', 15000, 15000, 15000, 996, 0, '2021-02-20 03:07:04', NULL, 53, 6),
('BR000053', 'ORGANIC  LEAF SHINE', 'PCS', 30000, 30000, 30000, 994, 0, '2021-02-20 03:10:54', NULL, 55, 6),
('BR000054', 'KUPING GAJAH', 'PCS', 120000, 120000, 120000, 996, 0, '2021-02-20 03:33:03', NULL, 55, 6),
('BR000055', 'TURUS', 'PCS', 30000, 30000, 30000, 964, 0, '2021-02-20 03:34:48', NULL, 55, 6),
('BR000056', 'SCINDAPSUS + STRONG', 'PCS', 200000, 200000, 200000, 999, 0, '2021-02-20 03:41:10', NULL, 47, 6),
('BR000057', 'SCINDAPSUS STRONG', 'PCS', 200000, 200000, 200000, 998, 0, '2021-02-20 03:43:19', NULL, 47, 5),
('BR000058', 'ANGGREK  BULAN', 'PCS', 270000, 270000, 270000, 995, 0, '2021-02-20 03:45:29', NULL, 47, 5),
('BR000059', 'JANBOL', 'PCS', 60000, 60000, 60000, 993, 0, '2021-02-20 03:47:31', NULL, 53, 5),
('BR000060', 'BIBIT BAYAM BRAZIL', 'PCS', 50000, 50000, 50000, 993, 0, '2021-02-20 03:49:06', NULL, 54, 5),
('BR000061', 'DRAGON SCALE', 'PCS', 65000, 65000, 65000, 999, 0, '2021-02-20 04:01:41', NULL, 46, 5),
('BR000062', 'CALATHEA MERAK', 'PCS', 30000, 30000, 30000, 996, 0, '2021-02-20 04:22:15', NULL, 52, 5),
('BR000063', 'KADAKA VARIEGATA', 'PCS', 500000, 500000, 500000, 998, 0, '2021-02-20 04:34:01', NULL, 46, 5),
('BR000064', 'SANSEVIERA CLEOPATRA', 'PCS', 100000, 100000, 100000, 998, 0, '2021-02-20 04:42:50', NULL, 51, 5),
('BR000065', 'SANSEVIERA SILVER BLUE', 'PCS', 100000, 100000, 100000, 998, 0, '2021-02-20 04:43:21', NULL, 51, 5),
('BR000066', 'SALADA HIJAU', 'PCS', 20000, 20000, 20000, 997, 0, '2021-02-20 05:15:13', NULL, 54, 5),
('BR000067', 'POT BUNGA', 'PCS', 20000, 20000, 20000, 996, 0, '2021-02-20 05:19:39', NULL, 53, 5),
('BR000068', 'KELADI BARET', 'PCS', 50000, 50000, 50000, 998, 0, '2021-02-20 05:22:16', NULL, 52, 5),
('BR000069', 'KELADI GINGERLAND', 'PCS', 50000, 50000, 50000, 998, 0, '2021-02-20 05:22:47', NULL, 52, 5),
('BR000070', 'PHILO BREKALE', 'PCS', 50000, 50000, 50000, 997, 0, '2021-02-20 05:26:20', NULL, 47, 5),
('BR000071', 'SINGO BATIK', 'PCS', 85000, 85000, 85000, 998, 0, '2021-02-20 05:26:53', NULL, 46, 5),
('BR000072', 'BLACK SENTE KECIL', 'PCS', 60000, 60000, 60000, 998, 0, '2021-02-20 06:38:42', NULL, 52, 6),
('BR000073', 'SNOWHITE AGLONEMA', 'PCS', 100000, 100000, 100000, 998, 0, '2021-02-20 06:47:57', NULL, 48, 5),
('BR000074', 'ALOCSIA BLACK VELVET', 'PCS', 175000, 175000, 175000, 997, 0, '2021-02-20 07:19:45', NULL, 49, 5),
('BR000075', 'MAWAR', 'PCS', 200000, 200000, 200000, 997, 0, '2021-02-20 07:24:16', NULL, 52, 5),
('BR000076', 'MEDIA TANAM', 'PCS', 15000, 15000, 15000, 994, 0, '2021-02-20 07:25:55', NULL, 55, 5),
('BR000077', 'KAKTUS', 'PCS', 40000, 40000, 40000, 991, 0, '2021-02-20 07:31:29', NULL, 53, 5),
('BR000078', 'NOTOCOCTUS MAGHI FICUS', 'PCS', 60000, 60000, 60000, 998, 0, '2021-02-20 07:32:00', NULL, 51, 5),
('BR000079', 'CABE PELANGI', 'PCS', 25000, 25000, 25000, 998, 0, '2021-02-20 07:56:06', NULL, 54, 5),
('BR000080', 'BASIL', 'PCS', 50000, 50000, 50000, 997, 0, '2021-02-20 08:02:29', NULL, 54, 5),
('BR000081', 'ALOCASIA', 'PCS', 200000, 200000, 200000, 998, 0, '2021-02-20 08:08:05', NULL, 46, 5),
('BR000082', 'DIFFEN', 'PCS', 200000, 200000, 200000, 997, 0, '2021-02-20 08:08:21', NULL, 46, 5),
('BR000083', 'KILAP', 'PCS', 30000, 30000, 30000, 997, 0, '2021-02-20 08:21:44', NULL, 46, 5),
('BR000084', 'LUMUT HITAM', 'PCS', 35000, 35000, 35000, 999, 0, '2021-02-20 08:27:03', NULL, 49, 5),
('BR000085', 'MONSTERA DELICIOSA', 'PCS', 550000, 550000, 550000, 998, 0, '2021-02-20 08:30:02', NULL, 47, 5),
('BR000086', 'KALADI', 'PCS', 150000, 150000, 150000, 999, 0, '2021-02-20 08:52:04', NULL, 53, 5),
('BR000087', 'PHILO LEMON', 'PCS', 50000, 50000, 50000, 996, 0, '2021-02-20 08:52:31', NULL, 53, 5),
('BR000088', 'SANSEVIERA', 'PCS', 50000, 50000, 50000, 998, 0, '2021-02-20 08:53:00', NULL, 53, 5),
('BR000089', 'KELADI', 'PCS', 150000, 150000, 150000, 998, 0, '2021-02-20 08:54:12', NULL, 53, 5),
('BR000090', 'DUTCH BUCKET', 'PCS', 15000, 15000, 15000, 997, 0, '2021-02-20 09:05:15', NULL, 54, 5),
('BR000091', 'MAMMILAVIA VOBUERNENSIS', 'PCS', 50000, 50000, 50000, 998, 0, '2021-02-20 09:23:48', NULL, 51, 5),
('BR000092', 'SENTE VARIGATA', 'PCS', 100000, 100000, 100000, 998, 0, '2021-02-20 09:28:30', NULL, 55, 5),
('BR000093', 'PUKIS CURLY', 'PCS', 50000, 50000, 50000, 997, 0, '2021-02-20 09:36:10', NULL, 52, 5),
('BR000094', 'KAEMPHERIA', 'PCS', 150000, 150000, 150000, 998, 0, '2021-02-20 09:37:53', NULL, 49, 5),
('BR000095', 'TEPNCACTUS ARHCULATUS', 'PCS', 100000, 100000, 100000, 998, 0, '2021-02-20 09:46:55', NULL, 51, 5),
('BR000096', 'ALOKASIA GREEN', 'PCS', 70000, 70000, 70000, 998, 0, '2021-02-20 09:51:29', NULL, 52, 5),
('BR000097', 'KALADI CRANBERG', 'PCS', 80000, 80000, 80000, 998, 0, '2021-02-20 09:51:51', NULL, 52, 5),
('BR000098', 'ALOCASIA DRAGON', 'PCS', 80000, 80000, 80000, 998, 0, '2021-02-20 09:53:49', NULL, 48, 5),
('BR000099', 'ANGGREK', 'PCS', 120000, 120000, 120000, 997, 0, '2021-02-20 22:59:55', NULL, 48, 6),
('BR000100', 'CRANBERRY GUAVA', 'PCS', 200000, 200000, 200000, 998, 0, '2021-02-20 23:11:04', NULL, 52, 6),
('BR000101', 'PHILO DENDRON BURLEMARX', 'PCS', 250000, 250000, 250000, 998, 0, '2021-02-20 23:23:30', NULL, 49, 6),
('BR000102', 'PHOLIDENDROM VIOLIN SILVER', 'PCS', 400000, 400000, 400000, 999, 0, '2021-02-20 23:25:29', NULL, 49, 6),
('BR000103', 'PHILODENDROM VIOLIN SILVER', 'PCS', 400000, 400000, 400000, 998, 0, '2021-02-20 23:26:39', NULL, 49, 6),
('BR000104', 'KAWAT BUNGA', 'PCS', 15000, 15000, 15000, 998, 0, '2021-02-20 23:28:42', NULL, 49, 6),
('BR000105', 'PYRUS 24CM', 'PCS', 45000, 45000, 45000, 997, 0, '2021-02-20 23:31:07', NULL, 53, 6),
('BR000106', 'BENIH KANGKUNG', 'PCS', 10000, 10000, 10000, 997, 0, '2021-02-20 23:53:02', NULL, 54, 6),
('BR000107', 'BENIH KANGKUNG', 'PCS', 5000, 5000, 5000, 999, 0, '2021-02-20 23:53:53', NULL, 54, 6),
('BR000108', 'HAWORTHIA GLAUCA', 'PCS', 200000, 200000, 200000, 997, 0, '2021-02-21 00:24:02', NULL, 51, 6),
('BR000109', 'HAWORTHIA LIMFOLIA', 'PCS', 75000, 75000, 75000, 996, 0, '2021-02-21 00:24:38', NULL, 51, 6),
('BR000110', 'SANSE BONCEL', 'PCS', 250000, 250000, 250000, 997, 0, '2021-02-21 00:25:03', NULL, 51, 6),
('BR000111', 'LUMUT', 'PCS', 50000, 50000, 50000, 998, 0, '2021-02-21 00:37:50', NULL, 53, 6),
('BR000112', 'SILVER DOLLAR', 'PCS', 60000, 60000, 60000, 998, 0, '2021-02-21 00:47:10', NULL, 51, 6),
('BR000113', 'ALOCASIA DRAGON SCALE', 'PCS', 65000, 65000, 65000, 998, 0, '2021-02-21 00:53:21', NULL, 46, 6),
('BR000114', 'KAKTUS LILIN', 'PCS', 200000, 200000, 200000, 998, 0, '2021-02-21 00:57:19', NULL, 51, 6),
('BR000115', 'ALOE SP', 'PCS', 100000, 100000, 100000, 998, 0, '2021-02-21 00:59:34', NULL, 51, 6),
('BR000116', 'HYBRID STELLA', 'PCS', 50000, 50000, 50000, 998, 0, '2021-02-21 01:11:43', NULL, 51, 6),
('BR000117', 'HYBRID CORDOVA', 'PCS', 50000, 50000, 50000, 998, 0, '2021-02-21 01:12:07', NULL, 51, 6),
('BR000118', 'MEDIA TANAM PREMIUM', 'PCS', 25000, 25000, 25000, 997, 0, '2021-02-21 01:14:35', NULL, 51, 6),
('BR000119', 'HAWORTHIA RESUDIANA', 'PCS', 50000, 50000, 50000, 997, 0, '2021-02-21 01:15:36', NULL, 51, 6),
('BR000120', 'HAWORTHIA PINGUICULA', 'PCS', 50000, 50000, 50000, 998, 0, '2021-02-21 01:16:13', NULL, 51, 6),
('BR000121', 'HAWORTHIA SILVER BLU', 'PCS', 50000, 50000, 50000, 998, 0, '2021-02-21 01:16:39', NULL, 51, 6),
('BR000122', 'VIT B THAILAND', 'PCS', 65000, 65000, 65000, 995, 0, '2021-02-21 01:19:29', NULL, 47, 6),
('BR000123', 'MUTAN PREMIUM', 'PCS', 0, 0, 0, 998, 0, '2021-02-21 01:23:02', NULL, 51, 6),
('BR000124', 'HAWORTHIA SSP', 'PCS', 60000, 60000, 60000, 998, 0, '2021-02-21 01:24:52', NULL, 51, 6),
('BR000125', 'CHOCOFIBER BESAR', 'PCS', 60000, 60000, 60000, 995, 0, '2021-02-21 01:27:13', NULL, 55, 6),
('BR000126', 'AGLO NN', 'PCS', 275000, 275000, 275000, 998, 0, '2021-02-21 01:30:28', NULL, 47, 6),
('BR000127', 'MELANO', 'PCS', 550000, 550000, 550000, 998, 0, '2021-02-21 01:34:02', NULL, 46, 6),
('BR000128', 'ANTHURIUM BUNGA PINK', 'PCS', 150000, 150000, 150000, 998, 0, '2021-02-21 01:39:24', NULL, 48, 6),
('BR000129', 'AGLONEMA', 'PCS', 250000, 250000, 250000, 997, 0, '2021-02-21 01:39:53', NULL, 48, 6),
('BR000130', 'VIT B LOKAL', 'PCS', 25000, 25000, 25000, 996, 0, '2021-02-21 01:51:11', NULL, 47, 6),
('BR000131', 'LILIPUT', 'PCS', 50000, 50000, 50000, 998, 0, '2021-02-21 02:20:21', NULL, 52, 6),
('BR000132', 'PASIR MELOLY', 'PCS', 6000, 6000, 6000, 998, 0, '2021-02-21 02:32:44', NULL, 51, 5),
('BR000133', 'SEKAM MERAH', 'PCS', 15000, 15000, 15000, 998, 0, '2021-02-21 02:38:22', NULL, 53, 5),
('BR000134', 'ALOKASIA AMAZONIKA', 'PCS', 300000, 300000, 300000, 998, 0, '2021-02-21 02:42:27', NULL, 55, 5),
('BR000135', 'NBP SERUM ', 'PCS', 175000, 175000, 175000, 998, 0, '2021-02-21 02:44:35', NULL, 46, 5),
('BR000136', 'NBP PEST SPOT', 'PCS', 200000, 200000, 200000, 998, 0, '2021-02-21 02:45:00', NULL, 46, 5),
('BR000137', 'SERUM NBP', 'PCS', 175000, 175000, 175000, 998, 0, '2021-02-21 02:49:29', NULL, 46, 5),
('BR000138', 'LEAF R', 'PCS', 135000, 135000, 135000, 998, 0, '2021-02-21 02:50:22', NULL, 46, 5),
('BR000139', 'PEST SPOT', 'PCS', 200000, 200000, 200000, 998, 0, '2021-02-21 02:50:47', NULL, 46, 5),
('BR000140', 'FUNGSI SPOT', 'PCS', 200000, 200000, 200000, 998, 0, '2021-02-21 02:51:13', NULL, 46, 5),
('BR000141', 'SANSEVIERA KIRKIIBROOM', 'PCS', 300000, 300000, 300000, 998, 0, '2021-02-21 03:00:35', NULL, 51, 5),
('BR000142', 'LIDAH BUAYA BERDURI', 'PCS', 50000, 50000, 50000, 998, 0, '2021-02-21 03:02:40', NULL, 52, 5),
('BR000143', 'MONSTERA ADANSONI', 'PCS', 70000, 70000, 70000, 998, 0, '2021-02-21 03:06:52', NULL, 48, 5),
('BR000144', 'MANJALA ', 'PCS', 220000, 220000, 220000, 998, 0, '2021-02-21 03:10:28', NULL, 46, 5),
('BR000145', 'AGLONEMA SIAM PARAGON', 'PCS', 200000, 200000, 200000, 998, 0, '2021-02-21 03:13:16', NULL, 48, 5),
('BR000146', 'KUPU KUPU BATIK', 'PCS', 150000, 150000, 150000, 998, 0, '2021-02-21 03:22:46', NULL, 52, 5),
('BR000147', 'CALATHEA BULU ANGSA', 'PCS', 50000, 50000, 50000, 998, 0, '2021-02-21 03:23:10', NULL, 52, 5),
('BR000148', 'DASH WHITE', 'PCS', 100000, 100000, 100000, 998, 0, '2021-02-21 03:25:07', NULL, 47, 5),
('BR000149', 'KAKTUS TOMAT', 'PCS', 50000, 50000, 50000, 998, 0, '2021-02-21 03:26:59', NULL, 51, 5),
('BR000150', 'ECHINOPSIS', 'PCS', 50000, 50000, 50000, 998, 0, '2021-02-21 03:27:22', NULL, 51, 5),
('BR000151', 'PASIR MALUNG', 'PCS', 7000, 7000, 7000, 997, 0, '2021-02-21 03:27:47', NULL, 51, 5),
('BR000152', 'BONCEL VARIEGATA', 'PCS', 100000, 100000, 100000, 998, 0, '2021-02-21 03:30:23', NULL, 51, 5),
('BR000153', 'S PINGULINCULA DEGGER', 'PCS', 100000, 100000, 100000, 998, 0, '2021-02-21 03:30:52', NULL, 51, 5),
('BR000154', 'mammilaria ssp', 'PCS', 50000, 50000, 50000, 998, 0, '2021-02-21 04:25:53', NULL, 51, 6),
('BR000155', 'PERTUSA', 'PCS', 300000, 300000, 300000, 998, 0, '2021-02-21 04:28:23', NULL, 46, 6),
('BR000156', 'PEDATUM', 'PCS', 400000, 400000, 400000, 998, 0, '2021-02-21 04:28:46', NULL, 46, 6),
('BR000157', 'PHILODENDRON BILLIE', 'PCS', 400000, 400000, 400000, 998, 0, '2021-02-21 04:38:49', NULL, 51, 6),
('BR000158', 'PHILODENDRON HYBRYD FLORIDA', 'PCS', 400000, 400000, 400000, 998, 0, '2021-02-21 04:39:35', NULL, 51, 6),
('BR000159', 'SUMBU FLANEL', 'PCS', 1000, 1000, 1000, 989, 0, '2021-02-21 04:56:41', NULL, 54, 5),
('BR000160', 'MINT', 'PCS', 50000, 50000, 50000, 998, 0, '2021-02-21 05:10:40', NULL, 54, 5),
('BR000161', 'MONSTERA', 'PCS', 450000, 450000, 450000, 997, 0, '2021-02-21 05:31:43', NULL, 47, 5),
('BR000162', 'KAKI POT', 'PCS', 50000, 50000, 50000, 998, 0, '2021-02-21 05:35:59', NULL, 55, 5),
('BR000163', 'PLUMERIA MAYA', 'PCS', 275000, 275000, 275000, 998, 0, '2021-02-21 05:36:29', NULL, 51, 5),
('BR000164', 'SINGUNIUM VAR', 'PCS', 120000, 120000, 120000, 998, 0, '2021-02-21 05:37:44', NULL, 52, 5),
('BR000165', 'HAWORTHIA ROSEDENA', 'PCS', 70000, 70000, 70000, 998, 0, '2021-02-21 05:59:12', NULL, 51, 5),
('BR000166', 'BIBIT KALE', 'PCS', 25000, 25000, 25000, 998, 0, '2021-02-21 06:02:18', NULL, 54, 5),
('BR000167', 'KADAKA TANDUK', 'PCS', 75000, 75000, 75000, 998, 0, '2021-02-21 06:07:56', NULL, 47, 5),
('BR000168', 'JANBOL KECIL', 'PCS', 50000, 50000, 50000, 997, 0, '2021-02-21 06:21:46', NULL, 52, 5),
('BR000169', 'SINGO L', 'PCS', 120000, 120000, 120000, 998, 0, '2021-02-21 06:28:56', NULL, 46, 5),
('BR000170', 'P LIME F', 'PCS', 80000, 80000, 80000, 998, 0, '2021-02-21 06:29:32', NULL, 46, 5),
('BR000171', 'POCHYPODIUM LAMAREI', 'PCS', 350000, 350000, 350000, 998, 0, '2021-02-21 06:33:52', NULL, 51, 5),
('BR000172', 'HAWORTHIA ZEBRA', 'PCS', 100000, 100000, 100000, 998, 0, '2021-02-21 08:34:43', NULL, 51, 5),
('BR000173', 'EUPHORBIA FRANCOISIL', 'PCS', 200000, 200000, 200000, 998, 0, '2021-02-21 08:35:17', NULL, 51, 5),
('BR000174', 'ORAGON SCALE', 'PCS', 120000, 120000, 120000, 997, 0, '2021-02-21 22:22:27', NULL, 46, 6),
('BR000175', 'TERRAROTTA', 'PCS', 80000, 80000, 80000, 998, 0, '2021-02-22 05:54:37', NULL, 53, 6),
('BR000176', 'ECHINOPSIS SP', 'PCS', 40000, 40000, 40000, 998, 0, '2021-02-22 06:22:53', NULL, 51, 6),
('BR000177', 'S CONCINNA', 'PCS', 75000, 75000, 75000, 998, 0, '2021-02-22 07:06:33', NULL, 51, 5),
('BR000178', 'S MASONIANA', 'PCS', 250000, 250000, 250000, 998, 0, '2021-02-22 07:06:59', '2021-02-22 15:07:32', 51, 5),
('BR000179', 'BLACK INVERNALIS', 'PCS', 250000, 250000, 250000, 998, 0, '2021-02-22 07:13:06', NULL, 55, 5),
('BR000180', 'TANAMAN PISANG', 'PCS', 180000, 180000, 180000, 998, 0, '2021-02-22 07:14:06', NULL, 52, 5),
('BR000181', 'PHILO BURLE MAX', 'PCS', 300000, 300000, 300000, 998, 0, '2021-02-22 07:27:12', NULL, 51, 5),
('BR000182', 'RED CLOUND', 'PCS', 120000, 120000, 120000, 998, 0, '2021-02-22 08:38:34', NULL, 52, 5),
('BR000183', 'CRAUBERRY', 'PCS', 80000, 80000, 80000, 998, 0, '2021-02-22 08:38:54', NULL, 52, 5),
('BR000184', 'SEKAM KOMPOS', 'PCS', 20000, 20000, 20000, 998, 0, '2021-02-22 08:47:24', NULL, 53, 5),
('BR000185', 'SEKAM MENTAH', 'PCS', 20000, 20000, 20000, 998, 0, '2021-02-22 08:47:50', NULL, 53, 5),
('BR000186', 'DRACENA', 'PCS', 100000, 100000, 100000, 998, 0, '2021-02-22 08:51:59', NULL, 47, 5),
('BR000187', 'METAN GOKIL', 'PCS', 65000, 65000, 65000, 997, 0, '2021-02-22 08:56:28', NULL, 49, 5),
('BR000188', 'HOMALOMENA', 'PCS', 75000, 75000, 75000, 998, 0, '2021-02-22 08:58:37', NULL, 47, 5),
('BR000189', 'ALOCASIA VARIGATA', 'PCS', 250000, 250000, 250000, 998, 0, '2021-02-22 09:04:41', NULL, 46, 5),
('BR000190', 'KIT KANGKUNG', 'PCS', 50000, 50000, 50000, 998, 0, '2021-02-22 09:57:28', NULL, 54, 5),
('BR000191', 'CALATHEA BLACK LIPSTICK', 'PCS', 400000, 400000, 400000, 998, 0, '2021-02-22 10:28:46', NULL, 47, 5),
('BR000192', 'SONG OF INDIA', 'PCS', 50000, 50000, 50000, 998, 0, '2021-02-22 10:31:33', NULL, 47, 5),
('BR000193', 'SYNGO LITTLE STAR', 'PCS', 125000, 125000, 125000, 998, 0, '2021-02-22 10:51:25', NULL, 46, 5),
('BR000194', 'AGLO TISU', 'PCS', 60000, 60000, 60000, 998, 0, '2021-02-22 10:54:17', NULL, 52, 5),
('BR000195', 'CALATHEA ORBIFOLA', 'PCS', 1500000, 1500000, 1500000, 998, 0, '2021-02-22 10:57:52', NULL, 49, 5),
('BR000196', 'SELADA', 'PCS', 20000, 20000, 20000, 997, 0, '2021-02-22 11:00:15', NULL, 54, 5),
('BR000197', 'POT PYRUS ', 'PCS', 45000, 45000, 45000, 998, 0, '2021-02-22 11:02:30', NULL, 53, 5),
('BR000198', 'ALOCASIA NEA', 'PCS', 50000, 50000, 50000, 998, 0, '2021-02-22 11:05:22', NULL, 47, 5),
('BR000199', 'KELADI GUAVA', 'PCS', 150000, 150000, 150000, 998, 0, '2021-02-22 11:06:37', NULL, 52, 5),
('BR000200', 'CALATHEA ORNATA', 'PCS', 300000, 300000, 300000, 998, 0, '2021-02-22 12:33:39', NULL, 47, 5),
('BR000201', 'GYMNO SAGLIONIS', 'PCS', 500000, 500000, 500000, 998, 0, '2021-02-22 12:44:32', NULL, 51, 5),
('BR000202', 'FRANCOISIL HYBRID', 'PCS', 100000, 100000, 100000, 998, 0, '2021-02-22 12:45:10', NULL, 51, 5),
('BR000203', 'ALOE PEPIE', 'PCS', 100000, 100000, 100000, 998, 0, '2021-02-22 12:45:44', NULL, 51, 5),
('BR000204', 'HAWORTHIA SP', 'PCS', 100000, 100000, 100000, 998, 0, '2021-02-22 12:46:15', NULL, 51, 5),
('BR000205', 'MONSTERA HIJAU', 'PCS', 475000, 475000, 475000, 998, 0, '2021-02-22 12:51:40', NULL, 53, 5),
('BR000206', 'AMAZONICA', 'PCS', 110000, 110000, 110000, 998, 0, '2021-02-23 05:33:04', NULL, 52, 5),
('BR000207', 'KALADIUM MERAH', 'PCS', 75000, 75000, 75000, 998, 0, '2021-02-23 05:33:44', NULL, 53, 5),
('BR000208', 'KALADIUM HIJAU', 'PCS', 65000, 65000, 65000, 998, 0, '2021-02-23 05:34:08', NULL, 53, 5),
('BR000209', 'SIRIH GADING MELON', 'PCS', 200000, 200000, 200000, 998, 0, '2021-02-23 06:52:46', NULL, 47, 5),
('BR000210', 'TERNACOTA ZOCM', 'PCS', 100000, 100000, 100000, 998, 0, '2021-02-23 07:08:49', NULL, 53, 5),
('BR000211', 'CHOCOFIBER KECIL', 'PCS', 10000, 10000, 10000, 998, 0, '2021-02-23 07:46:42', NULL, 55, 5),
('BR000212', 'TURUS KECIL', 'PCS', 30000, 30000, 30000, 998, 0, '2021-02-23 07:47:03', NULL, 55, 5),
('BR000213', 'ANGGREK DENDROBIUM', 'PCS', 120000, 120000, 120000, 998, 0, '2021-02-23 07:57:44', NULL, 48, 5),
('BR000214', 'AGLO HENG HENG', 'PCS', 120000, 120000, 120000, 998, 0, '2021-02-23 09:05:59', NULL, 47, 5),
('BR000215', 'CALATHEA B AYAM', 'PCS', 150000, 150000, 150000, 998, 0, '2021-02-23 09:06:32', NULL, 47, 5),
('BR000216', 'TDS METER', 'PCS', 60000, 60000, 60000, 998, 0, '2021-02-23 09:29:49', NULL, 54, 5),
('BR000217', 'COVER BUNGA', 'PCS', 200000, 200000, 200000, 998, 0, '2021-02-23 09:37:02', '2021-02-23 17:37:31', 46, 5),
('BR000218', 'METAN PREMIUM', 'PCS', 20000, 20000, 20000, 998, 0, '2021-02-23 09:53:40', NULL, 51, 5),
('BR000219', 'sirih lemon', 'PCS', 50000, 50000, 50000, 998, 0, '2021-02-23 10:30:13', NULL, 55, 6),
('BR000220', 'PASIR MALANG', 'PCS', 10000, 10000, 10000, 997, 0, '2021-02-23 10:52:20', NULL, 52, 6),
('BR000221', 'SINGO AFRITEAN', 'PCS', 350000, 350000, 350000, 998, 0, '2021-02-23 11:11:38', NULL, 46, 6),
('BR000222', 'SINGO LITLESTAR', 'PCS', 100000, 100000, 100000, 998, 0, '2021-02-23 11:12:08', NULL, 46, 6),
('BR000223', 'HAMOLEMA', 'PCS', 150000, 150000, 150000, 998, 0, '2021-02-23 11:21:37', NULL, 48, 6),
('BR000224', 'KELADI KERIS', 'PCS', 100000, 100000, 100000, 998, 0, '2021-02-23 11:40:15', NULL, 48, 6);

-- --------------------------------------------------------

--
-- Table structure for table `tbl_beli`
--

CREATE TABLE `tbl_beli` (
  `beli_nofak` varchar(15) DEFAULT NULL,
  `beli_tanggal` date DEFAULT NULL,
  `beli_suplier_id` int(11) DEFAULT NULL,
  `beli_user_id` int(11) DEFAULT NULL,
  `beli_kode` varchar(15) NOT NULL
) ENGINE=InnoDB DEFAULT CHARSET=latin1;

-- --------------------------------------------------------

--
-- Table structure for table `tbl_detail_beli`
--

CREATE TABLE `tbl_detail_beli` (
  `d_beli_id` int(11) NOT NULL,
  `d_beli_nofak` varchar(15) DEFAULT NULL,
  `d_beli_barang_id` varchar(15) DEFAULT NULL,
  `d_beli_harga` double DEFAULT NULL,
  `d_beli_jumlah` int(11) DEFAULT NULL,
  `d_beli_total` double DEFAULT NULL,
  `d_beli_kode` varchar(15) DEFAULT NULL
) ENGINE=InnoDB DEFAULT CHARSET=latin1;

-- --------------------------------------------------------

--
-- Table structure for table `tbl_detail_jual`
--

CREATE TABLE `tbl_detail_jual` (
  `d_jual_id` int(11) NOT NULL,
  `d_jual_nofak` varchar(15) DEFAULT NULL,
  `d_jual_barang_id` varchar(15) DEFAULT NULL,
  `d_jual_barang_nama` varchar(150) DEFAULT NULL,
  `d_jual_barang_satuan` varchar(30) DEFAULT NULL,
  `d_jual_barang_harpok` double DEFAULT NULL,
  `d_jual_barang_harjul` double DEFAULT NULL,
  `d_jual_qty` int(11) DEFAULT NULL,
  `d_jual_diskon` double DEFAULT NULL,
  `d_jual_total` double DEFAULT NULL,
  `nama_tenant` varchar(50) DEFAULT NULL
) ENGINE=InnoDB DEFAULT CHARSET=latin1;

--
-- Dumping data for table `tbl_detail_jual`
--

INSERT INTO `tbl_detail_jual` (`d_jual_id`, `d_jual_nofak`, `d_jual_barang_id`, `d_jual_barang_nama`, `d_jual_barang_satuan`, `d_jual_barang_harpok`, `d_jual_barang_harjul`, `d_jual_qty`, `d_jual_diskon`, `d_jual_total`, `nama_tenant`) VALUES
(2, '190221000001', 'BR000002', 'HIPOTES', 'PCS', 0, 100000, 2, 0, 200000, 'AFAea Studio'),
(3, '190221000002', 'BR000003', 'SPIDER PLANT', 'PCS', 0, 50000, 1, 0, 50000, 'Kudara Plants'),
(4, '190221000003', 'BR000009', 'WIDE SELEDRI', 'PCS', 0, 50000, 1, 0, 50000, 'Family Farm Hydroponics'),
(5, '190221000003', 'BR000010', 'AB MIX', 'PCS', 0, 15000, 1, 0, 15000, 'Family Farm Hydroponics'),
(6, '190221000004', 'BR000011', 'BEGONIA KEONG', 'PCS', 0, 75000, 1, 0, 75000, 'Melona Garden'),
(7, '190221000005', 'BR000012', 'CALATHEA CORONA', 'PCS', 0, 200000, 1, 0, 200000, 'Almaplants'),
(8, '190221000005', 'BR000013', 'CALATHEA MAKOYANA', 'PCS', 0, 200000, 1, 0, 200000, 'Almaplants'),
(9, '190221000006', 'BR000014', 'BENIH SELADA REPADE', 'PCS', 0, 10000, 1, 0, 10000, 'Family Farm Hydroponics'),
(10, '190221000006', 'BR000015', 'ROCKWOOL', 'PCS', 0, 20000, 1, 0, 20000, 'Family Farm Hydroponics'),
(11, '190221000007', 'BR000016', 'SUKULEN', 'PCS', 0, 25000, 2, 0, 50000, 'AFAea Studio'),
(12, '190221000008', 'BR000002', 'HIPOTES', 'PCS', 0, 90000, 1, 0, 90000, 'AFAea Studio'),
(13, '190221000009', 'BR000017', 'SANSEVERIA LAV 23251', 'PCS', 0, 75000, 1, 0, 75000, 'Mahilashop'),
(14, '190221000009', 'BR000018', 'SANSEVERIA BLUE LAEF', 'PCS', 0, 50000, 1, 0, 50000, 'Mahilashop'),
(15, '190221000009', 'BR000019', 'ASTRO KABUTTO', 'PCS', 0, 50000, 1, 0, 50000, 'Mahilashop'),
(16, '190221000010', 'BR000004', 'CALATHEA CRIMSON', 'PCS', 0, 400000, 1, 0, 400000, 'Kudara Plants'),
(17, '190221000010', 'BR000005', 'BEGONIA', 'PCS', 0, 100000, 1, 0, 100000, 'Kudara Plants'),
(18, '190221000010', 'BR000008', 'AGLO SUKSOM', 'PCS', 0, 440000, 1, 0, 440000, 'Kudara Plants'),
(19, '190221000011', 'BR000020', 'POT PANJANG', 'PCS', 0, 30000, 1, 0, 30000, 'Kebunta MKS'),
(20, '190221000012', 'BR000021', 'SIRIH MELON', 'PCS', 0, 50000, 1, 0, 50000, 'Kebunta MKS'),
(21, '190221000013', 'BR000022', 'KILAP DAUN', 'PCS', 0, 30000, 1, 0, 30000, 'Deandra Gardening'),
(22, '190221000014', 'BR000023', 'HIPOTES PINK', 'PCS', 0, 90000, 1, 0, 90000, 'AFAea Studio'),
(23, '190221000015', 'BR000024', 'AGLO PINK CASRINA', 'PCS', 0, 240000, 1, 0, 240000, 'Kudara Plants'),
(24, '190221000016', 'BR000026', 'JANDA BOLONG', 'PCS', 0, 75000, 2, 0, 150000, 'AFAea Studio'),
(25, '190221000017', 'BR000025', 'BENIH SAYURAN', 'PCS', 0, 5000, 5, 0, 25000, 'Family Farm Hydroponics'),
(26, '190221000018', 'BR000027', 'JANBOL ADANSONI', 'PCS', 0, 70000, 1, 0, 70000, 'Melona Garden'),
(27, '190221000018', 'BR000028', 'AGLO ACEH', 'PCS', 0, 40000, 1, 0, 40000, 'Melona Garden'),
(28, '190221000019', 'BR000029', 'CHOCOFIBER', 'PCS', 0, 10000, 5, 0, 50000, 'AFAea Studio'),
(29, '190221000020', 'BR000015', 'ROCKWOOL', 'PCS', 0, 20000, 1, 0, 20000, 'Family Farm Hydroponics'),
(30, '190221000020', 'BR000010', 'AB MIX', 'PCS', 0, 15000, 1, 0, 15000, 'Family Farm Hydroponics'),
(31, '190221000020', 'BR000030', 'NETPOT', 'PCS', 0, 1000, 15, 0, 15000, 'Family Farm Hydroponics'),
(32, '190221000020', 'BR000025', 'BENIH SAYURAN', 'PCS', 0, 5000, 2, 0, 10000, 'Family Farm Hydroponics'),
(33, '190221000021', 'BR000030', 'NETPOT', 'PCS', 0, 1000, 25, 0, 25000, 'Family Farm Hydroponics'),
(34, '190221000021', 'BR000031', 'PAKET HIDROPONOIK PEMULA', 'PCS', 0, 140000, 1, 0, 140000, 'Family Farm Hydroponics'),
(35, '190221000021', 'BR000032', 'TUTUP BAK', 'PCS', 0, 25000, 1, 0, 25000, 'Family Farm Hydroponics'),
(36, '190221000021', 'BR000033', 'BENIH KEMANGI', 'PCS', 0, 5000, 2, 0, 10000, 'Family Farm Hydroponics'),
(37, '190221000022', 'BR000034', 'BIBIT MINT', 'PCS', 0, 10000, 1, 0, 10000, 'Family Farm Hydroponics'),
(38, '190221000023', 'BR000035', 'CALATHEA ZABRINA', 'PCS', 0, 150000, 1, 0, 150000, 'Kudara Plants'),
(39, '190221000024', 'BR000028', 'AGLO ACEH', 'PCS', 0, 120000, 1, 0, 120000, 'Melona Garden'),
(40, '190221000025', 'BR000037', 'TERARIUM', 'PCS', 0, 250000, 1, 0, 250000, 'AFAea Studio'),
(41, '190221000025', 'BR000036', 'POT GRABAH ABU ABU SUPULEN', 'PCS', 0, 100000, 2, 0, 200000, 'AFAea Studio'),
(42, '190221000026', 'BR000022', 'KILAP DAUN', 'PCS', 0, 30000, 1, 0, 30000, 'Deandra Gardening'),
(43, '190221000027', 'BR000038', 'SELADA HIJAU', 'PCS', 0, 20000, 1, 0, 20000, 'Family Farm Hydroponics'),
(44, '190221000028', 'BR000038', 'SELADA HIJAU', 'PCS', 0, 20000, 1, 0, 20000, 'Family Farm Hydroponics'),
(45, '190221000029', 'BR000040', 'MAMMILAVI SSP', 'PCS', 0, 30000, 1, 0, 30000, 'Mahilashop'),
(46, '190221000029', 'BR000039', 'ECHINOPSIS SUDENUDATA', 'PCS', 0, 100000, 1, 0, 100000, 'Mahilashop'),
(47, '190221000030', 'BR000026', 'JANDA BOLONG', 'PCS', 0, 100000, 1, 0, 100000, 'AFAea Studio'),
(48, '190221000031', 'BR000041', 'SIRIH MARBLE', 'PCS', 0, 75000, 1, 0, 75000, 'Kudara Plants'),
(49, '190221000032', 'BR000042', 'HAWORTHIA', 'PCS', 0, 75000, 1, 0, 75000, 'Mahilashop'),
(50, '190221000033', 'BR000043', 'B. ACUMINATA', 'PCS', 0, 200000, 1, 0, 200000, 'Deandra Gardening'),
(51, '190221000034', 'BR000038', 'SELADA HIJAU', 'PCS', 0, 20000, 1, 0, 20000, 'Family Farm Hydroponics'),
(52, '190221000035', 'BR000038', 'SELADA HIJAU', 'PCS', 0, 20000, 1, 0, 20000, 'Family Farm Hydroponics'),
(53, '190221000036', 'BR000044', 'DRAGON SCALE', 'PCS', 0, 100000, 1, 0, 100000, 'Deandra Gardening'),
(54, '190221000037', 'BR000031', 'PAKET HIDROPONOIK PEMULA', 'PCS', 0, 140000, 1, 0, 140000, 'Family Farm Hydroponics'),
(55, '190221000038', 'BR000038', 'SELADA HIJAU', 'PCS', 0, 20000, 1, 0, 20000, 'Family Farm Hydroponics'),
(56, '190221000039', 'BR000029', 'CHOCOFIBER', 'PCS', 0, 7500, 2, 0, 15000, 'AFAea Studio'),
(57, '200221000001', 'BR000045', 'METAN PREMIUM SOKULEN', 'PCS', 0, 35000, 1, 0, 35000, 'Mahilashop'),
(58, '200221000002', 'BR000046', 'POT BERSISIK', 'PCS', 0, 100000, 1, 0, 100000, 'Almaplants'),
(59, '200221000003', 'BR000010', 'AB MIX', 'PCS', 0, 15000, 1, 0, 15000, 'Family Farm Hydroponics'),
(60, '200221000004', 'BR000028', 'AGLO ACEH', 'PCS', 0, 50000, 1, 0, 50000, 'Melona Garden'),
(61, '200221000005', 'BR000047', 'LUMUT HITAM', 'PCS', 0, 35000, 2, 0, 70000, 'Almaplants'),
(62, '200221000006', 'BR000048', 'SERUM', 'PCS', 0, 175000, 1, 0, 175000, 'Deandra Gardening'),
(63, '200221000007', 'BR000038', 'SELADA HIJAU', 'PCS', 0, 20000, 1, 0, 20000, 'Family Farm Hydroponics'),
(64, '200221000008', 'BR000028', 'AGLO ACEH', 'PCS', 0, 40000, 1, 0, 40000, 'Melona Garden'),
(65, '200221000009', 'BR000049', 'BEGONIA POLKA', 'PCS', 0, 150000, 1, 0, 150000, 'Deandra Gardening'),
(66, '200221000010', 'BR000050', 'POT SENYUM TANAH LIAT', 'PCS', 0, 100000, 1, 0, 100000, 'Almaplants'),
(67, '200221000010', 'BR000051', 'POT HIDUNG MANCUNG TANAH LIAT', 'PCS', 0, 100000, 1, 0, 100000, 'Almaplants'),
(68, '200221000011', 'BR000052', 'SEKAM BAKAR', 'PCS', 0, 15000, 1, 0, 15000, 'Kebunta MKS'),
(69, '200221000012', 'BR000053', 'ORGANIC  LEAF SHINE', 'PCS', 0, 30000, 1, 0, 30000, 'AFAea Studio'),
(70, '200221000013', 'BR000054', 'KUPING GAJAH', 'PCS', 0, 120000, 1, 0, 120000, 'AFAea Studio'),
(71, '200221000014', 'BR000055', 'TURUS', 'PCS', 0, 30000, 1, 0, 30000, 'AFAea Studio'),
(72, '200221000015', 'BR000057', 'SCINDAPSUS STRONG', 'PCS', 0, 200000, 1, 0, 200000, 'Kudara Plants'),
(73, '200221000016', 'BR000058', 'ANGGREK  BULAN', 'PCS', 0, 270000, 1, 0, 270000, 'Kudara Plants'),
(74, '200221000017', 'BR000059', 'JANBOL', 'PCS', 0, 60000, 1, 0, 60000, 'Kebunta MKS'),
(75, '200221000018', 'BR000060', 'BIBIT BAYAM BRAZIL', 'PCS', 0, 50000, 1, 0, 50000, 'Family Farm Hydroponics'),
(76, '200221000019', 'BR000026', 'JANDA BOLONG', 'PCS', 0, 150000, 1, 0, 150000, 'AFAea Studio'),
(77, '200221000020', 'BR000026', 'JANDA BOLONG', 'PCS', 0, 120000, 1, 0, 120000, 'AFAea Studio'),
(78, '200221000021', 'BR000044', 'DRAGON SCALE', 'PCS', 0, 65000, 1, 0, 65000, 'Deandra Gardening'),
(79, '200221000022', 'BR000062', 'CALATHEA MERAK', 'PCS', 0, 30000, 2, 0, 60000, 'Melona Garden'),
(80, '200221000023', 'BR000063', 'KADAKA VARIEGATA', 'PCS', 0, 500000, 1, 0, 500000, 'Deandra Gardening'),
(81, '200221000024', 'BR000064', 'SANSEVIERA CLEOPATRA', 'PCS', 0, 100000, 1, 0, 100000, 'Mahilashop'),
(82, '200221000024', 'BR000065', 'SANSEVIERA SILVER BLUE', 'PCS', 0, 100000, 1, 0, 100000, 'Mahilashop'),
(83, '200221000025', 'BR000001', 'BUNGA KELADI', 'PCS', 0, 100000, 1, 0, 100000, 'Cluster Bunga Gowa'),
(84, '200221000026', 'BR000059', 'JANBOL', 'PCS', 0, 55000, 2, 0, 110000, 'Kebunta MKS'),
(85, '200221000027', 'BR000066', 'SALADA HIJAU', 'PCS', 0, 20000, 1, 0, 20000, 'Family Farm Hydroponics'),
(86, '200221000028', 'BR000067', 'POT BUNGA', 'PCS', 0, 20000, 3, 0, 60000, 'Kebunta MKS'),
(87, '200221000029', 'BR000009', 'WIDE SELEDRI', 'PCS', 0, 50000, 1, 0, 50000, 'Family Farm Hydroponics'),
(88, '200221000030', 'BR000068', 'KELADI BARET', 'PCS', 0, 50000, 1, 0, 50000, 'Melona Garden'),
(89, '200221000030', 'BR000069', 'KELADI GINGERLAND', 'PCS', 0, 50000, 1, 0, 50000, 'Melona Garden'),
(90, '200221000031', 'BR000054', 'KUPING GAJAH', 'PCS', 0, 100000, 1, 0, 100000, 'Kudara Plants'),
(91, '200221000031', 'BR000070', 'PHILO BREKALE', 'PCS', 0, 50000, 1, 0, 50000, 'Kudara Plants'),
(92, '200221000032', 'BR000071', 'SINGO BATIK', 'PCS', 0, 85000, 1, 0, 85000, 'Deandra Gardening'),
(93, '200221000033', 'BR000055', 'TURUS', 'PCS', 0, 30000, 1, 0, 30000, 'AFAea Studio'),
(94, '200221000034', 'BR000007', 'SPANISH MOSH', 'PCS', 0, 75000, 3, 0, 225000, 'Kudara Plants'),
(95, '200221000035', 'BR000055', 'TURUS', 'PCS', 0, 30000, 1, 0, 30000, 'AFAea Studio'),
(96, '200221000036', 'BR000053', 'ORGANIC  LEAF SHINE', 'PCS', 0, 30000, 1, 0, 30000, 'AFAea Studio'),
(97, '200221000036', 'BR000029', 'CHOCOFIBER', 'PCS', 0, 10000, 1, 0, 10000, 'AFAea Studio'),
(98, '200221000036', 'BR000055', 'TURUS', 'PCS', 0, 30000, 1, 0, 30000, 'AFAea Studio'),
(99, '200221000037', 'BR000072', 'BLACK SENTE KECIL', 'PCS', 0, 60000, 1, 0, 60000, 'Melona Garden'),
(100, '200221000038', 'BR000073', 'SNOWHITE AGLONEMA', 'PCS', 0, 100000, 1, 0, 100000, 'Cluster Bunga Gowa'),
(101, '200221000039', 'BR000055', 'TURUS', 'PCS', 0, 40000, 1, 0, 40000, 'AFAea Studio'),
(102, '200221000039', 'BR000026', 'JANDA BOLONG', 'PCS', 0, 120000, 1, 0, 120000, 'AFAea Studio'),
(103, '200221000040', 'BR000025', 'BENIH SAYURAN', 'PCS', 0, 5000, 6, 0, 30000, 'Family Farm Hydroponics'),
(104, '200221000041', 'BR000038', 'SELADA HIJAU', 'PCS', 0, 20000, 1, 0, 20000, 'Family Farm Hydroponics'),
(105, '200221000042', 'BR000026', 'JANDA BOLONG', 'PCS', 0, 80000, 1, 0, 80000, 'AFAea Studio'),
(106, '200221000043', 'BR000074', 'ALOCSIA BLACK VELVET', 'PCS', 0, 175000, 1, 0, 175000, 'Almaplants'),
(107, '200221000044', 'BR000007', 'SPANISH MOSH', 'PCS', 0, 75000, 2, 0, 150000, 'Kudara Plants'),
(108, '200221000045', 'BR000075', 'MAWAR', 'PCS', 0, 200000, 1, 0, 200000, 'Melona Garden'),
(109, '200221000046', 'BR000076', 'MEDIA TANAM', 'PCS', 0, 15000, 2, 0, 30000, 'AFAea Studio'),
(110, '200221000047', 'BR000025', 'BENIH SAYURAN', 'PCS', 0, 5000, 2, 0, 10000, 'Family Farm Hydroponics'),
(111, '200221000048', 'BR000078', 'NOTOCOCTUS MAGHI FICUS', 'PCS', 0, 60000, 1, 0, 60000, 'Mahilashop'),
(112, '200221000049', 'BR000059', 'JANBOL', 'PCS', 0, 60000, 1, 0, 60000, 'Kebunta MKS'),
(113, '200221000049', 'BR000077', 'KAKTUS', 'PCS', 0, 40000, 1, 0, 40000, 'Kebunta MKS'),
(114, '200221000050', 'BR000077', 'KAKTUS', 'PCS', 0, 35000, 3, 0, 105000, 'Kebunta MKS'),
(115, '200221000051', 'BR000025', 'BENIH SAYURAN', 'PCS', 0, 5000, 2, 0, 10000, 'Family Farm Hydroponics'),
(116, '200221000052', 'BR000075', 'MAWAR', 'PCS', 0, 100000, 1, 0, 100000, 'Melona Garden'),
(117, '200221000053', 'BR000077', 'KAKTUS', 'PCS', 0, 35000, 3, 0, 105000, 'Kebunta MKS'),
(118, '200221000054', 'BR000079', 'CABE PELANGI', 'PCS', 0, 25000, 1, 0, 25000, 'Family Farm Hydroponics'),
(119, '200221000055', 'BR000080', 'BASIL', 'PCS', 0, 50000, 1, 0, 50000, 'Family Farm Hydroponics'),
(120, '200221000056', 'BR000055', 'TURUS', 'PCS', 0, 40000, 2, 0, 80000, 'AFAea Studio'),
(121, '200221000057', 'BR000010', 'AB MIX', 'PCS', 0, 15000, 1, 0, 15000, 'Family Farm Hydroponics'),
(122, '200221000058', 'BR000081', 'ALOCASIA', 'PCS', 0, 200000, 1, 0, 200000, 'Deandra Gardening'),
(123, '200221000058', 'BR000082', 'DIFFEN', 'PCS', 0, 200000, 1, 0, 200000, 'Deandra Gardening'),
(124, '200221000059', 'BR000038', 'SELADA HIJAU', 'PCS', 0, 20000, 2, 0, 40000, 'Family Farm Hydroponics'),
(125, '200221000060', 'BR000055', 'TURUS', 'PCS', 0, 40000, 2, 0, 80000, 'AFAea Studio'),
(126, '200221000061', 'BR000055', 'TURUS', 'PCS', 0, 30000, 3, 0, 90000, 'AFAea Studio'),
(127, '200221000062', 'BR000083', 'KILAP', 'PCS', 0, 30000, 1, 0, 30000, 'Deandra Gardening'),
(128, '200221000063', 'BR000047', 'LUMUT HITAM', 'PCS', 0, 35000, 1, 0, 35000, 'Almaplants'),
(129, '200221000064', 'BR000085', 'MONSTERA DELICIOSA', 'PCS', 0, 550000, 1, 0, 550000, 'Kudara Plants'),
(130, '200221000065', 'BR000088', 'SANSEVIERA', 'PCS', 0, 50000, 1, 0, 50000, 'Kebunta MKS'),
(131, '200221000065', 'BR000087', 'PHILO LEMON', 'PCS', 0, 50000, 1, 0, 50000, 'Kebunta MKS'),
(132, '200221000065', 'BR000089', 'KELADI', 'PCS', 0, 150000, 1, 0, 150000, 'Kebunta MKS'),
(133, '200221000066', 'BR000002', 'HIPOTES', 'PCS', 0, 100000, 1, 0, 100000, 'AFAea Studio'),
(134, '200221000066', 'BR000037', 'TERARIUM', 'PCS', 0, 250000, 1, 0, 250000, 'AFAea Studio'),
(135, '200221000067', 'BR000090', 'DUTCH BUCKET', 'PCS', 0, 15000, 2, 0, 30000, 'Family Farm Hydroponics'),
(136, '200221000067', 'BR000030', 'NETPOT', 'PCS', 0, 1500, 10, 0, 15000, 'Family Farm Hydroponics'),
(137, '200221000068', 'BR000091', 'MAMMILAVIA VOBUERNENSIS', 'PCS', 0, 50000, 1, 0, 50000, 'Mahilashop'),
(138, '200221000069', 'BR000028', 'AGLO ACEH', 'PCS', 0, 50000, 1, 0, 50000, 'Melona Garden'),
(139, '200221000070', 'BR000092', 'SENTE VARIGATA', 'PCS', 0, 100000, 1, 0, 100000, 'AFAea Studio'),
(140, '200221000071', 'BR000093', 'PUKIS CURLY', 'PCS', 0, 50000, 1, 0, 50000, 'Melona Garden'),
(141, '200221000072', 'BR000094', 'KAEMPHERIA', 'PCS', 0, 150000, 1, 0, 150000, 'Almaplants'),
(142, '200221000073', 'BR000025', 'BENIH SAYURAN', 'PCS', 0, 5000, 3, 0, 15000, 'Family Farm Hydroponics'),
(143, '200221000074', 'BR000095', 'TEPNCACTUS ARHCULATUS', 'PCS', 0, 100000, 1, 0, 100000, 'Mahilashop'),
(144, '200221000075', 'BR000040', 'MAMMILAVI SSP', 'PCS', 0, 50000, 1, 0, 50000, 'Mahilashop'),
(145, '200221000076', 'BR000096', 'ALOKASIA GREEN', 'PCS', 0, 70000, 1, 0, 70000, 'Melona Garden'),
(146, '200221000076', 'BR000097', 'KALADI CRANBERG', 'PCS', 0, 80000, 1, 0, 80000, 'Melona Garden'),
(147, '200221000077', 'BR000098', 'ALOCASIA DRAGON', 'PCS', 0, 80000, 1, 0, 80000, 'Cluster Bunga Gowa'),
(148, '200221000078', 'BR000047', 'LUMUT HUTAN', 'PCS', 0, 35000, 2, 0, 70000, 'Almaplants'),
(149, '200221000079', 'BR000028', 'AGLO ACEH', 'PCS', 0, 50000, 1, 0, 50000, 'Melona Garden'),
(150, '210221000001', 'BR000099', 'ANGGREK', 'PCS', 0, 120000, 1, 0, 120000, 'Cluster Bunga Gowa'),
(151, '210221000002', 'BR000053', 'ORGANIC  LEAF SHINE', 'PCS', 0, 30000, 1, 0, 30000, 'AFAea Studio'),
(152, '210221000003', 'BR000053', 'ORGANIC  LEAF SHINE', 'PCS', 0, 30000, 1, 0, 30000, 'AFAea Studio'),
(153, '210221000004', 'BR000022', 'KILAP DAUN', 'PCS', 0, 30000, 1, 0, 30000, 'Deandra Gardening'),
(154, '210221000005', 'BR000100', 'CRANBERRY GUAVA', 'PCS', 0, 200000, 1, 0, 200000, 'Melona Garden'),
(155, '210221000006', 'BR000047', 'LUMUT HUTAN', 'PCS', 0, 30000, 6, 0, 180000, 'Almaplants'),
(156, '210221000007', 'BR000101', 'PHILO DENDRON BURLEMARX', 'PCS', 0, 250000, 1, 0, 250000, 'Almaplants'),
(157, '210221000008', 'BR000103', 'PHILODENDROM VIOLIN SILVER', 'PCS', 0, 400000, 1, 0, 400000, 'Almaplants'),
(158, '210221000009', 'BR000104', 'KAWAT BUNGA', 'PCS', 0, 15000, 1, 0, 15000, 'Almaplants'),
(159, '210221000010', 'BR000105', 'PYRUS 24CM', 'PCS', 0, 45000, 2, 0, 90000, 'Kebunta MKS'),
(160, '210221000011', 'BR000047', 'LUMUT HUTAN', 'PCS', 0, 35000, 1, 0, 35000, 'Almaplants'),
(161, '210221000012', 'BR000045', 'METAN PREMIUM SOKULEN', 'PCS', 0, 35000, 1, 0, 35000, 'Mahilashop'),
(162, '210221000013', 'BR000009', 'WIDE SELEDRI', 'PCS', 0, 40000, 1, 0, 40000, 'Family Farm Hydroponics'),
(163, '210221000013', 'BR000010', 'AB MIX', 'PCS', 0, 15000, 1, 0, 15000, 'Family Farm Hydroponics'),
(164, '210221000014', 'BR000087', 'PHILO LEMON', 'PCS', 0, 60000, 1, 0, 60000, 'Kebunta MKS'),
(165, '210221000015', 'BR000010', 'AB MIX', 'PCS', 0, 15000, 1, 0, 15000, 'Family Farm Hydroponics'),
(166, '210221000015', 'BR000106', 'BENIH KANGKUNG', 'PCS', 0, 5000, 2, 0, 10000, 'Family Farm Hydroponics'),
(167, '210221000016', 'BR000002', 'HIPOTES', 'PCS', 0, 100000, 1, 0, 100000, 'AFAea Studio'),
(168, '210221000016', 'BR000029', 'CHOCOFIBER', 'PCS', 0, 30000, 1, 0, 30000, 'AFAea Studio'),
(169, '210221000017', 'BR000014', 'BENIH SELADA REPADE', 'PCS', 0, 5000, 1, 0, 5000, 'Family Farm Hydroponics'),
(170, '210221000018', 'BR000038', 'SELADA HIJAU', 'PCS', 0, 20000, 3, 0, 60000, 'Family Farm Hydroponics'),
(171, '210221000019', 'BR000108', 'HAWORTHIA GLAUCA', 'PCS', 0, 200000, 1, 0, 200000, 'Mahilashop'),
(172, '210221000019', 'BR000109', 'HAWORTHIA LIMFOLIA', 'PCS', 0, 75000, 1, 0, 75000, 'Mahilashop'),
(173, '210221000019', 'BR000110', 'SANSE BONCEL', 'PCS', 0, 250000, 1, 0, 250000, 'Mahilashop'),
(174, '210221000020', 'BR000038', 'SELADA HIJAU', 'PCS', 0, 20000, 1, 0, 20000, 'Family Farm Hydroponics'),
(175, '210221000021', 'BR000055', 'TURUS', 'PCS', 0, 25000, 2, 0, 50000, 'Kudara Plants'),
(176, '210221000022', 'BR000111', 'LUMUT', 'PCS', 0, 50000, 1, 0, 50000, 'Kebunta MKS'),
(177, '210221000023', 'BR000112', 'SILVER DOLLAR', 'PCS', 0, 60000, 1, 0, 60000, 'Mahilashop'),
(178, '210221000024', 'BR000060', 'BIBIT BAYAM BRAZIL', 'PCS', 0, 50000, 1, 0, 50000, 'Family Farm Hydroponics'),
(179, '210221000025', 'BR000077', 'KAKTUS', 'PCS', 0, 40000, 1, 0, 40000, 'Kebunta MKS'),
(180, '210221000026', 'BR000113', 'ALOCASIA DRAGON SCALE', 'PCS', 0, 65000, 1, 0, 65000, 'Deandra Gardening'),
(181, '210221000027', 'BR000055', 'TURUS', 'PCS', 0, 50000, 1, 0, 50000, 'AFAea Studio'),
(182, '210221000028', 'BR000038', 'SELADA HIJAU', 'PCS', 0, 20000, 1, 0, 20000, 'Family Farm Hydroponics'),
(183, '210221000029', 'BR000114', 'KAKTUS LILIN', 'PCS', 0, 200000, 1, 0, 200000, 'Mahilashop'),
(184, '210221000030', 'BR000115', 'ALOE SP', 'PCS', 0, 100000, 1, 0, 100000, 'Mahilashop'),
(185, '210221000031', 'BR000037', 'TERARIUM', 'PCS', 0, 200000, 1, 0, 200000, 'AFAea Studio'),
(186, '210221000032', 'BR000116', 'HYBRID STELLA', 'PCS', 0, 50000, 1, 0, 50000, 'Mahilashop'),
(187, '210221000032', 'BR000117', 'HYBRID CORDOVA', 'PCS', 0, 50000, 1, 0, 50000, 'Mahilashop'),
(188, '210221000033', 'BR000028', 'AGLO ACEH', 'PCS', 0, 50000, 1, 0, 50000, 'Melona Garden'),
(189, '210221000034', 'BR000108', 'HAWORTHIA GLAUCA', 'PCS', 0, 100000, 1, 0, 100000, 'Mahilashop'),
(190, '210221000034', 'BR000109', 'HAWORTHIA LIMFOLIA', 'PCS', 0, 100000, 1, 0, 100000, 'Mahilashop'),
(191, '210221000034', 'BR000119', 'HAWORTHIA RESUDIANA', 'PCS', 0, 50000, 1, 0, 50000, 'Mahilashop'),
(192, '210221000034', 'BR000120', 'HAWORTHIA PINGUICULA', 'PCS', 0, 50000, 1, 0, 50000, 'Mahilashop'),
(193, '210221000034', 'BR000121', 'HAWORTHIA SILVER BLU', 'PCS', 0, 50000, 1, 0, 50000, 'Mahilashop'),
(194, '210221000035', 'BR000118', 'MEDIA TANAM PREMIUM', 'PCS', 0, 25000, 2, 0, 50000, 'Mahilashop'),
(195, '210221000036', 'BR000122', 'VIT B THAILAND', 'PCS', 0, 65000, 1, 0, 65000, 'Kudara Plants'),
(196, '210221000036', 'BR000055', 'TURUS', 'PCS', 0, 25000, 2, 0, 50000, 'Kudara Plants'),
(197, '210221000037', 'BR000123', 'MUTAN PREMIUM', 'PCS', 0, 35000, 1, 0, 35000, 'Mahilashop'),
(198, '210221000038', 'BR000124', 'HAWORTHIA SSP', 'PCS', 0, 60000, 1, 0, 60000, 'Mahilashop'),
(199, '210221000039', 'BR000125', 'CHOCOFIBER BESAR', 'PCS', 0, 30000, 3, 0, 90000, 'AFAea Studio'),
(200, '210221000039', 'BR000055', 'TURUS', 'PCS', 0, 50000, 1, 0, 50000, 'AFAea Studio'),
(201, '210221000040', 'BR000055', 'TURUS', 'PCS', 0, 40000, 1, 0, 40000, 'AFAea Studio'),
(202, '210221000041', 'BR000126', 'AGLO NN', 'PCS', 0, 275000, 1, 0, 275000, 'Kudara Plants'),
(203, '210221000042', 'BR000055', 'TURUS', 'PCS', 0, 30000, 2, 0, 60000, 'AFAea Studio'),
(204, '210221000043', 'BR000127', 'MELANO', 'PCS', 0, 550000, 1, 0, 550000, 'Deandra Gardening'),
(205, '210221000044', 'BR000128', 'ANTHURIUM BUNGA PINK', 'PCS', 0, 150000, 1, 0, 150000, 'Cluster Bunga Gowa'),
(206, '210221000044', 'BR000129', 'AGLONEMA', 'PCS', 0, 250000, 1, 0, 250000, 'Cluster Bunga Gowa'),
(207, '210221000045', 'BR000122', 'VIT B THAILAND', 'PCS', 0, 65000, 1, 0, 65000, 'Kudara Plants'),
(208, '210221000046', 'BR000055', 'TURUS', 'PCS', 0, 25000, 7, 0, 175000, 'Kudara Plants'),
(209, '210221000047', 'BR000028', 'AGLO ACEH', 'PCS', 0, 120000, 1, 0, 120000, 'Melona Garden'),
(210, '210221000048', 'BR000130', 'VIT B LOKAL', 'PCS', 0, 25000, 2, 0, 50000, 'Kudara Plants'),
(211, '210221000049', 'BR000129', 'AGLONEMA', 'PCS', 0, 50000, 1, 0, 50000, 'Deandra Gardening'),
(212, '210221000050', 'BR000026', 'JANDA BOLONG', 'PCS', 0, 120000, 1, 0, 120000, 'AFAea Studio'),
(213, '210221000051', 'BR000131', 'LILIPUT', 'PCS', 0, 50000, 1, 0, 50000, 'Melona Garden'),
(214, '210221000052', 'BR000022', 'KILAP DAUN', 'PCS', 0, 30000, 1, 0, 30000, 'Deandra Gardening'),
(215, '210221000053', 'BR000083', 'KILAP', 'PCS', 0, 30000, 1, 0, 30000, 'Deandra Gardening'),
(216, '210221000053', 'BR000082', 'DIFFEN', 'PCS', 0, 120000, 1, 0, 120000, 'Deandra Gardening'),
(217, '210221000054', 'BR000132', 'PASIR MELOLY', 'PCS', 0, 6000, 1, 0, 6000, 'Mahilashop'),
(218, '210221000054', 'BR000045', 'METAN PREMIUM SOKULEN', 'PCS', 0, 35000, 1, 0, 35000, 'Mahilashop'),
(219, '210221000055', 'BR000038', 'SELADA HIJAU', 'PCS', 0, 20000, 1, 0, 20000, 'Family Farm Hydroponics'),
(220, '210221000056', 'BR000052', 'SEKAM BAKAR', 'PCS', 0, 20000, 1, 0, 20000, 'Kebunta MKS'),
(221, '210221000056', 'BR000133', 'SEKAM MERAH', 'PCS', 0, 15000, 1, 0, 15000, 'Kebunta MKS'),
(222, '210221000057', 'BR000058', 'ANGGREK  BULAN', 'PCS', 0, 150000, 1, 0, 150000, 'Cluster Bunga Gowa'),
(223, '210221000058', 'BR000134', 'ALOKASIA AMAZONIKA', 'PCS', 0, 300000, 1, 0, 300000, 'AFAea Studio'),
(224, '210221000059', 'BR000135', 'NBP SERUM ', 'PCS', 0, 175000, 1, 0, 175000, 'Deandra Gardening'),
(225, '210221000059', 'BR000136', 'NBP PEST SPOT', 'PCS', 0, 200000, 1, 0, 200000, 'Deandra Gardening'),
(226, '210221000060', 'BR000137', 'SERUM NBP', 'PCS', 0, 175000, 1, 0, 175000, 'Deandra Gardening'),
(227, '210221000060', 'BR000048', 'SERUM', 'PCS', 0, 135000, 1, 0, 135000, 'Deandra Gardening'),
(228, '210221000060', 'BR000138', 'LEAF R', 'PCS', 0, 150000, 1, 0, 150000, 'Deandra Gardening'),
(229, '210221000060', 'BR000139', 'PEST SPOT', 'PCS', 0, 200000, 1, 0, 200000, 'Deandra Gardening'),
(230, '210221000060', 'BR000140', 'FUNGSI SPOT', 'PCS', 0, 200000, 1, 0, 200000, 'Deandra Gardening'),
(231, '210221000061', 'BR000141', 'SANSEVIERA KIRKIIBROOM', 'PCS', 0, 300000, 1, 0, 300000, 'Mahilashop'),
(232, '210221000062', 'BR000142', 'LIDAH BUAYA BERDURI', 'PCS', 0, 50000, 1, 0, 50000, 'Melona Garden'),
(233, '210221000062', 'BR000093', 'PUKIS CURLY', 'PCS', 0, 150000, 1, 0, 150000, 'Melona Garden'),
(234, '210221000063', 'BR000026', 'JANDA BOLONG', 'PCS', 0, 80000, 1, 0, 80000, 'AFAea Studio'),
(235, '210221000064', 'BR000143', 'MONSTERA ADANSONI', 'PCS', 0, 70000, 1, 0, 70000, 'Cluster Bunga Gowa'),
(236, '210221000065', 'BR000054', 'KUPING GAJAH', 'PCS', 0, 50000, 1, 0, 50000, 'Kudara Plants'),
(237, '210221000065', 'BR000070', 'PHILO BREKALE', 'PCS', 0, 50000, 1, 0, 50000, 'Kudara Plants'),
(238, '210221000066', 'BR000144', 'MANJALA ', 'PCS', 0, 220000, 1, 0, 220000, 'Deandra Gardening'),
(239, '210221000067', 'BR000145', 'AGLONEMA SIAM PARAGON', 'PCS', 0, 200000, 1, 0, 200000, 'Cluster Bunga Gowa'),
(240, '210221000068', 'BR000147', 'CALATHEA BULU ANGSA', 'PCS', 0, 50000, 1, 0, 50000, 'Melona Garden'),
(241, '210221000068', 'BR000146', 'KUPU KUPU BATIK', 'PCS', 0, 150000, 1, 0, 150000, 'Melona Garden'),
(242, '210221000069', 'BR000148', 'DASH WHITE', 'PCS', 0, 100000, 1, 0, 100000, 'Kudara Plants'),
(243, '210221000070', 'BR000149', 'KAKTUS TOMAT', 'PCS', 0, 50000, 1, 0, 50000, 'Mahilashop'),
(244, '210221000070', 'BR000150', 'ECHINOPSIS', 'PCS', 0, 50000, 1, 0, 50000, 'Mahilashop'),
(245, '210221000070', 'BR000151', 'PASIR MALUNG', 'PCS', 0, 7000, 2, 0, 14000, 'Mahilashop'),
(246, '210221000071', 'BR000152', 'BONCEL VARIEGATA', 'PCS', 0, 100000, 1, 0, 100000, 'Mahilashop'),
(247, '210221000071', 'BR000153', 'S PINGULINCULA DEGGER', 'PCS', 0, 100000, 1, 0, 100000, 'Mahilashop'),
(248, '210221000072', 'BR000045', 'METAN PREMIUM SOKULEN', 'PCS', 0, 95000, 1, 0, 95000, 'Mahilashop'),
(249, '210221000073', 'BR000022', 'KILAP DAUN', 'PCS', 0, 30000, 1, 0, 30000, 'Deandra Gardening'),
(250, '210221000074', 'BR000022', 'KILAP DAUN', 'PCS', 0, 30000, 1, 0, 30000, 'Deandra Gardening'),
(251, '210221000075', 'BR000080', 'BASIL', 'PCS', 0, 50000, 1, 0, 50000, 'Family Farm Hydroponics'),
(252, '210221000075', 'BR000038', 'SELADA HIJAU', 'PCS', 0, 20000, 1, 0, 20000, 'Family Farm Hydroponics'),
(253, '210221000076', 'BR000037', 'TERARIUM', 'PCS', 0, 100000, 1, 0, 100000, 'AFAea Studio'),
(254, '210221000077', 'BR000154', 'mammilaria ssp', 'PCS', 0, 50000, 1, 0, 50000, 'Mahilashop'),
(255, '210221000078', 'BR000155', 'PERTUSA', 'PCS', 0, 300000, 1, 0, 300000, 'Deandra Gardening'),
(256, '210221000078', 'BR000156', 'PEDATUM', 'PCS', 0, 400000, 1, 0, 400000, 'Deandra Gardening'),
(257, '210221000079', 'BR000055', 'TURUS', 'PCS', 0, 30000, 1, 0, 30000, 'AFAea Studio'),
(258, '210221000080', 'BR000026', 'JANDA BOLONG', 'PCS', 0, 80000, 1, 0, 80000, 'AFAea Studio'),
(259, '210221000080', 'BR000055', 'TURUS', 'PCS', 0, 30000, 1, 0, 30000, 'AFAea Studio'),
(260, '210221000081', 'BR000026', 'JANDA BOLONG', 'PCS', 0, 80000, 1, 0, 80000, 'AFAea Studio'),
(261, '210221000082', 'BR000157', 'PHILODENDRON BILLIE', 'PCS', 0, 400000, 1, 0, 400000, 'Mahilashop'),
(262, '210221000082', 'BR000158', 'PHILODENDRON HYBRYD FLORIDA', 'PCS', 0, 400000, 1, 0, 400000, 'Mahilashop'),
(263, '210221000083', 'BR000055', 'TURUS', 'PCS', 0, 40000, 1, 0, 40000, 'AFAea Studio'),
(264, '210221000084', 'BR000060', 'BIBIT BAYAM BRAZIL', 'PCS', 0, 50000, 1, 0, 50000, 'Family Farm Hydroponics'),
(265, '210221000085', 'BR000025', 'BENIH SAYURAN', 'PCS', 0, 5000, 2, 0, 10000, 'Family Farm Hydroponics'),
(266, '210221000086', 'BR000159', 'SUMBU FLANEL', 'PCS', 0, 1000, 10, 0, 10000, 'Family Farm Hydroponics'),
(267, '210221000087', 'BR000076', 'MEDIA TANAM', 'PCS', 0, 15000, 2, 0, 30000, 'AFAea Studio'),
(268, '210221000088', 'BR000026', 'JANDA BOLONG', 'PCS', 0, 110000, 2, 0, 220000, 'AFAea Studio'),
(269, '210221000089', 'BR000160', 'MINT', 'PCS', 0, 50000, 1, 0, 50000, 'Family Farm Hydroponics'),
(270, '210221000090', 'BR000161', 'MONSTERA', 'PCS', 0, 450000, 1, 0, 450000, 'Kudara Plants'),
(271, '210221000091', 'BR000163', 'PLUMERIA MAYA', 'PCS', 0, 275000, 1, 0, 275000, 'Mahilashop'),
(272, '210221000092', 'BR000164', 'SINGUNIUM VAR', 'PCS', 0, 120000, 1, 0, 120000, 'Melona Garden'),
(273, '210221000093', 'BR000053', 'ORGANIC  LEAF SHINE', 'PCS', 0, 30000, 1, 0, 30000, 'AFAea Studio'),
(274, '210221000093', 'BR000162', 'KAKI POT', 'PCS', 0, 50000, 1, 0, 50000, 'AFAea Studio'),
(275, '210221000093', 'BR000055', 'TURUS', 'PCS', 0, 40000, 1, 0, 40000, 'AFAea Studio'),
(276, '210221000094', 'BR000038', 'SELADA HIJAU', 'PCS', 0, 20000, 1, 0, 20000, 'Family Farm Hydroponics'),
(277, '210221000095', 'BR000044', 'DRAGON SCALE', 'PCS', 0, 200000, 1, 0, 200000, 'AFAea Studio'),
(278, '210221000095', 'BR000002', 'HIPOTES', 'PCS', 0, 100000, 1, 0, 100000, 'AFAea Studio'),
(279, '210221000096', 'BR000165', 'HAWORTHIA ROSEDENA', 'PCS', 0, 70000, 1, 0, 70000, 'Mahilashop'),
(280, '210221000097', 'BR000031', 'PAKET HIDROPONOIK PEMULA', 'PCS', 0, 140000, 1, 0, 140000, 'Family Farm Hydroponics'),
(281, '210221000097', 'BR000038', 'SELADA HIJAU', 'PCS', 0, 20000, 1, 0, 20000, 'Family Farm Hydroponics'),
(282, '210221000097', 'BR000166', 'BIBIT KALE', 'PCS', 0, 25000, 1, 0, 25000, 'Family Farm Hydroponics'),
(283, '210221000098', 'BR000167', 'KADAKA TANDUK', 'PCS', 0, 75000, 1, 0, 75000, 'Kudara Plants'),
(284, '210221000099', 'BR000122', 'VIT B THAILAND', 'PCS', 0, 65000, 1, 0, 65000, 'Kudara Plants'),
(285, '210221000100', 'BR000059', 'JANBOL', 'PCS', 0, 50000, 1, 0, 50000, 'Melona Garden'),
(286, '210221000100', 'BR000168', 'JANBOL KECIL', 'PCS', 0, 50000, 1, 0, 50000, 'Melona Garden'),
(287, '210221000101', 'BR000059', 'JANBOL', 'PCS', 0, 100000, 1, 0, 100000, 'Melona Garden'),
(288, '210221000101', 'BR000168', 'JANBOL KECIL', 'PCS', 0, 50000, 1, 0, 50000, 'Melona Garden'),
(289, '210221000102', 'BR000170', 'P LIME F', 'PCS', 0, 80000, 1, 0, 80000, 'Deandra Gardening'),
(290, '210221000103', 'BR000169', 'SINGO L', 'PCS', 0, 120000, 1, 0, 120000, 'Deandra Gardening'),
(291, '210221000104', 'BR000171', 'POCHYPODIUM LAMAREI', 'PCS', 0, 350000, 1, 0, 350000, 'Mahilashop'),
(292, '210221000105', 'BR000060', 'BIBIT BAYAM BRAZIL', 'PCS', 0, 50000, 1, 0, 50000, 'Family Farm Hydroponics'),
(293, '210221000106', 'BR000025', 'BENIH SAYURAN', 'PCS', 0, 5000, 3, 0, 15000, 'Family Farm Hydroponics'),
(294, '210221000107', 'BR000055', 'TURUS', 'PCS', 0, 30000, 1, 0, 30000, 'AFAea Studio'),
(295, '210221000108', 'BR000060', 'BIBIT BAYAM BRAZIL', 'PCS', 0, 50000, 1, 0, 50000, 'Family Farm Hydroponics'),
(296, '210221000109', 'BR000047', 'LUMUT HUTAN', 'PCS', 0, 35000, 3, 0, 105000, 'Almaplants'),
(297, '210221000110', 'BR000025', 'BENIH SAYURAN', 'PCS', 0, 5000, 2, 0, 10000, 'Family Farm Hydroponics'),
(298, '210221000111', 'BR000055', 'TURUS', 'PCS', 0, 50000, 1, 0, 50000, 'AFAea Studio'),
(299, '210221000112', 'BR000172', 'HAWORTHIA ZEBRA', 'PCS', 0, 100000, 1, 0, 100000, 'Mahilashop'),
(300, '210221000112', 'BR000173', 'EUPHORBIA FRANCOISIL', 'PCS', 0, 200000, 1, 0, 200000, 'Mahilashop'),
(301, NULL, 'BR000174', 'ORAGON SCALE', 'PCS', 0, 120000, 1, 0, 120000, 'Deandra Gardening'),
(302, '220221000001', 'BR000174', 'ORAGON SCALE', 'PCS', 0, 120000, 1, 0, 120000, 'Deandra Gardening'),
(303, '220221000002', 'BR000076', 'MEDIA TANAM', 'PCS', 0, 15000, 1, 0, 15000, 'AFAea Studio'),
(304, '220221000003', 'BR000175', 'TERRAROTTA', 'PCS', 0, 80000, 1, 0, 80000, 'Kebunta MKS'),
(305, '220221000004', 'BR000058', 'ANGGREK  BULAN', 'PCS', 0, 300000, 1, 0, 300000, 'TCC'),
(306, '220221000005', 'BR000047', 'LUMUT HUTAN', 'PCS', 0, 35000, 1, 0, 35000, 'Almaplants'),
(307, '220221000006', 'BR000047', 'LUMUT HUTAN', 'PCS', 0, 35000, 1, 0, 35000, 'Almaplants'),
(308, '220221000007', 'BR000047', 'LUMUT HUTAN', 'PCS', 0, 35000, 1, 0, 35000, 'Almaplants'),
(309, '220221000008', 'BR000109', 'HAWORTHIA LIMFOLIA', 'PCS', 0, 50000, 1, 0, 50000, 'Mahilashop'),
(310, '220221000009', 'BR000119', 'HAWORTHIA RESUDIANA', 'PCS', 0, 60000, 1, 0, 60000, 'Mahilashop'),
(311, '220221000009', 'BR000176', 'ECHINOPSIS SP', 'PCS', 0, 40000, 1, 0, 40000, 'Mahilashop'),
(312, '220221000010', 'BR000028', 'AGLO ACEH', 'PCS', 0, 130000, 1, 0, 130000, 'Melona Garden'),
(313, '220221000011', 'BR000018', 'SANSEVERIA BLUE LAEF', 'PCS', 0, 200000, 1, 0, 200000, 'Mahilashop'),
(314, '220221000011', 'BR000110', 'SANSE BONCEL', 'PCS', 0, 75000, 1, 0, 75000, 'Mahilashop'),
(315, '220221000011', 'BR000177', 'S CONCINNA', 'PCS', 0, 75000, 1, 0, 75000, 'Mahilashop'),
(316, '220221000011', 'BR000178', 'S MASONIANA', 'PCS', 0, 250000, 1, 0, 250000, 'Mahilashop'),
(317, '220221000012', 'BR000179', 'BLACK INVERNALIS', 'PCS', 0, 250000, 1, 0, 250000, 'AFAea Studio'),
(318, '220221000013', 'BR000180', 'TANAMAN PISANG', 'PCS', 0, 180000, 1, 0, 180000, 'Melona Garden'),
(319, '220221000014', 'BR000181', 'PHILO BURLE MAX', 'PCS', 0, 300000, 1, 0, 300000, 'Mahilashop'),
(320, '220221000015', 'BR000182', 'RED CLOUND', 'PCS', 0, 120000, 1, 0, 120000, 'Melona Garden'),
(321, '220221000015', 'BR000183', 'CRAUBERRY', 'PCS', 0, 80000, 1, 0, 80000, 'Melona Garden'),
(322, '220221000016', 'BR000184', 'SEKAM KOMPOS', 'PCS', 0, 20000, 1, 0, 20000, 'Kebunta MKS'),
(323, '220221000016', 'BR000185', 'SEKAM MENTAH', 'PCS', 0, 20000, 1, 0, 20000, 'Kebunta MKS'),
(324, '220221000016', 'BR000052', 'SEKAM BAKAR', 'PCS', 0, 15000, 1, 0, 15000, 'Kebunta MKS'),
(325, '220221000017', 'BR000026', 'JANDA BOLONG', 'PCS', 0, 80000, 1, 0, 80000, 'AFAea Studio'),
(326, '220221000018', 'BR000186', 'DRACENA', 'PCS', 0, 100000, 1, 0, 100000, 'Kudara Plants'),
(327, '220221000019', 'BR000130', 'VIT B LOKAL', 'PCS', 0, 25000, 1, 0, 25000, 'Kudara Plants'),
(328, '220221000020', 'BR000187', 'METAN GOKIL', 'PCS', 0, 65000, 2, 0, 130000, 'Almaplants'),
(329, '220221000021', 'BR000188', 'HOMALOMENA', 'PCS', 0, 75000, 1, 0, 75000, 'Kudara Plants'),
(330, '220221000022', 'BR000189', 'ALOCASIA VARIGATA', 'PCS', 0, 250000, 1, 0, 250000, 'Deandra Gardening'),
(331, '220221000023', 'BR000014', 'BENIH SELADA REPADE', 'PCS', 0, 5000, 1, 0, 5000, 'Family Farm Hydroponics'),
(332, '220221000023', 'BR000030', 'NETPOT', 'PCS', 0, 1000, 5, 0, 5000, 'Family Farm Hydroponics'),
(333, '220221000023', 'BR000038', 'SELADA HIJAU', 'PCS', 0, 20000, 1, 0, 20000, 'Family Farm Hydroponics'),
(334, '220221000023', 'BR000031', 'PAKET HIDROPONOIK PEMULA', 'PCS', 0, 140000, 1, 0, 140000, 'Family Farm Hydroponics'),
(335, '220221000024', 'BR000022', 'KILAP DAUN', 'PCS', 0, 30000, 1, 0, 30000, 'Deandra Gardening'),
(336, '220221000025', 'BR000190', 'KIT KANGKUNG', 'PCS', 0, 50000, 1, 0, 50000, 'Family Farm Hydroponics'),
(337, '220221000026', 'BR000191', 'CALATHEA BLACK LIPSTICK', 'PCS', 0, 400000, 1, 0, 400000, 'Kudara Plants'),
(338, '220221000027', 'BR000192', 'SONG OF INDIA', 'PCS', 0, 50000, 1, 0, 50000, 'Kudara Plants'),
(339, '220221000028', 'BR000193', 'SYNGO LITTLE STAR', 'PCS', 0, 125000, 1, 0, 125000, 'Deandra Gardening'),
(340, '220221000029', 'BR000194', 'AGLO TISU', 'PCS', 0, 60000, 1, 0, 60000, 'Melona Garden'),
(341, '220221000029', 'BR000062', 'CALATHEA MERAK', 'PCS', 0, 30000, 1, 0, 30000, 'Melona Garden'),
(342, '220221000030', 'BR000195', 'CALATHEA ORBIFOLA', 'PCS', 0, 1500000, 1, 0, 1500000, 'Almaplants'),
(343, '220221000031', 'BR000196', 'SELADA', 'PCS', 0, 20000, 1, 0, 20000, 'Family Farm Hydroponics'),
(344, '220221000032', 'BR000197', 'POT PYRUS ', 'PCS', 0, 45000, 1, 0, 45000, 'Kebunta MKS'),
(345, '220221000033', 'BR000198', 'ALOCASIA NEA', 'PCS', 0, 50000, 1, 0, 50000, 'Cluster Bunga Gowa'),
(346, '220221000034', 'BR000074', 'ALOCSIA BLACK VELVET', 'PCS', 0, 150000, 1, 0, 150000, 'Almaplants'),
(347, '220221000035', 'BR000199', 'KELADI GUAVA', 'PCS', 0, 150000, 1, 0, 150000, 'Melona Garden'),
(348, '220221000036', 'BR000060', 'BIBIT BAYAM BRAZIL', 'PCS', 0, 50000, 1, 0, 50000, 'Family Farm Hydroponics'),
(349, '220221000037', 'BR000029', 'CHOCOFIBER', 'PCS', 0, 10000, 2, 0, 20000, 'AFAea Studio'),
(350, '220221000038', 'BR000122', 'VIT B THAILAND', 'PCS', 0, 65000, 1, 0, 65000, 'Kudara Plants'),
(351, '220221000039', 'BR000200', 'CALATHEA ORNATA', 'PCS', 0, 300000, 1, 0, 300000, 'Kudara Plants'),
(352, '220221000040', 'BR000201', 'GYMNO SAGLIONIS', 'PCS', 0, 500000, 1, 0, 500000, 'Mahilashop'),
(353, '220221000040', 'BR000202', 'FRANCOISIL HYBRID', 'PCS', 0, 100000, 1, 0, 100000, 'Mahilashop'),
(354, '220221000040', 'BR000203', 'ALOE PEPIE', 'PCS', 0, 100000, 1, 0, 100000, 'Mahilashop'),
(355, '220221000040', 'BR000204', 'HAWORTHIA SP', 'PCS', 0, 100000, 1, 0, 100000, 'Mahilashop'),
(356, '220221000041', 'BR000205', 'MONSTERA HIJAU', 'PCS', 0, 475000, 1, 0, 475000, 'Kebunta MKS'),
(357, '230221000001', 'BR000125', 'CHOCOFIBER BESAR', 'PCS', 0, 30000, 1, 0, 30000, 'AFAea Studio'),
(358, '230221000001', 'BR000055', 'TURUS', 'PCS', 0, 30000, 1, 0, 30000, 'AFAea Studio'),
(359, '230221000002', 'BR000206', 'AMAZONICA', 'PCS', 0, 110000, 1, 0, 110000, 'Melona Garden'),
(360, '230221000003', 'BR000207', 'KALADIUM MERAH', 'PCS', 0, 75000, 1, 0, 75000, 'Kebunta MKS'),
(361, '230221000003', 'BR000208', 'KALADIUM HIJAU', 'PCS', 0, 65000, 1, 0, 65000, 'Kebunta MKS'),
(362, '230221000004', 'BR000066', 'SALADA HIJAU', 'PCS', 0, 20000, 1, 0, 20000, 'Family Farm Hydroponics'),
(363, '230221000005', 'BR000099', 'ANGGREK', 'PCS', 0, 120000, 1, 0, 120000, 'Cluster Bunga Gowa'),
(364, '230221000006', 'BR000209', 'SIRIH GADING MELON', 'PCS', 0, 200000, 1, 0, 200000, 'Kudara Plants'),
(365, '230221000007', 'BR000210', 'TERNACOTA ZOCM', 'PCS', 0, 100000, 1, 0, 100000, 'Kebunta MKS'),
(366, '230221000008', 'BR000161', 'MONSTERA', 'PCS', 0, 140000, 1, 0, 140000, 'Cluster Bunga Gowa'),
(367, '230221000009', 'BR000211', 'CHOCOFIBER KECIL', 'PCS', 0, 10000, 1, 0, 10000, 'AFAea Studio'),
(368, '230221000009', 'BR000212', 'TURUS KECIL', 'PCS', 0, 30000, 1, 0, 30000, 'AFAea Studio'),
(369, '230221000010', 'BR000213', 'ANGGREK DENDROBIUM', 'PCS', 0, 120000, 1, 0, 120000, 'Cluster Bunga Gowa'),
(370, '230221000011', 'BR000010', 'AB MIX', 'PCS', 0, 25000, 1, 0, 25000, 'Family Farm Hydroponics'),
(371, '230221000012', 'BR000214', 'AGLO HENG HENG', 'PCS', 0, 120000, 1, 0, 120000, 'Kudara Plants'),
(372, '230221000012', 'BR000215', 'CALATHEA B AYAM', 'PCS', 0, 150000, 1, 0, 150000, 'Kudara Plants'),
(373, '230221000012', 'BR000041', 'SIRIH MARBLE', 'PCS', 0, 200000, 1, 0, 200000, 'Kudara Plants'),
(374, '230221000013', 'BR000058', 'ANGGREK  BULAN', 'PCS', 0, 150000, 1, 0, 150000, 'Cluster Bunga Gowa'),
(375, '230221000014', 'BR000010', 'AB MIX', 'PCS', 0, 25000, 1, 0, 25000, 'Family Farm Hydroponics'),
(376, '230221000014', 'BR000015', 'ROCKWOOL', 'PCS', 0, 20000, 1, 0, 20000, 'Family Farm Hydroponics'),
(377, '230221000014', 'BR000216', 'TDS METER', 'PCS', 0, 60000, 1, 0, 60000, 'Family Farm Hydroponics'),
(378, '230221000014', 'BR000025', 'BENIH SAYURAN', 'PCS', 0, 5000, 2, 0, 10000, 'Family Farm Hydroponics'),
(379, '230221000015', 'BR000038', 'SELADA HIJAU', 'PCS', 0, 20000, 1, 0, 20000, 'Family Farm Hydroponics'),
(380, '230221000015', 'BR000025', 'BENIH SAYURAN', 'PCS', 0, 5000, 2, 0, 10000, 'Family Farm Hydroponics'),
(381, '230221000016', 'BR000217', 'COVER BUNGA', 'PCS', 0, 200000, 1, 0, 200000, 'Deandra Gardening'),
(382, '230221000017', 'BR000218', 'METAN PREMIUM', 'PCS', 0, 20000, 1, 0, 20000, 'Mahilashop'),
(383, '230221000018', 'BR000219', 'sirih lemon', 'PCS', 0, 50000, 1, 0, 50000, 'AFAea Studio'),
(384, '230221000019', 'BR000220', 'PASIR MALANG', 'PCS', 0, 10000, 2, 0, 20000, 'Melona Garden'),
(385, '230221000020', 'BR000087', 'PHILO LEMON', 'PCS', 0, 100000, 1, 0, 100000, 'AFAea Studio'),
(386, '230221000021', 'BR000222', 'SINGO LITLESTAR', 'PCS', 0, 100000, 1, 0, 100000, 'Deandra Gardening'),
(387, '230221000021', 'BR000221', 'SINGO AFRITEAN', 'PCS', 0, 350000, 1, 0, 350000, 'Deandra Gardening'),
(388, '230221000022', 'BR000038', 'SELADA HIJAU', 'PCS', 0, 20000, 1, 0, 20000, 'Family Farm Hydroponics'),
(389, '230221000023', 'BR000223', 'HAMOLEMA', 'PCS', 0, 150000, 1, 0, 150000, 'Cluster Bunga Gowa'),
(390, '230221000024', 'BR000196', 'SELADA', 'PCS', 0, 20000, 1, 0, 20000, 'Family Farm Hydroponics'),
(391, '230221000025', 'BR000224', 'KELADI KERIS', 'PCS', 0, 100000, 1, 0, 100000, 'Cluster Bunga Gowa');

-- --------------------------------------------------------

--
-- Table structure for table `tbl_jual`
--

CREATE TABLE `tbl_jual` (
  `jual_nofak` varchar(15) NOT NULL,
  `jual_tanggal` timestamp NULL DEFAULT CURRENT_TIMESTAMP,
  `jual_total` double DEFAULT NULL,
  `jual_jml_uang` double DEFAULT NULL,
  `jual_kembalian` double DEFAULT NULL,
  `jual_user_id` int(11) DEFAULT NULL,
  `jual_keterangan` varchar(20) DEFAULT NULL
) ENGINE=InnoDB DEFAULT CHARSET=latin1;

--
-- Dumping data for table `tbl_jual`
--

INSERT INTO `tbl_jual` (`jual_nofak`, `jual_tanggal`, `jual_total`, `jual_jml_uang`, `jual_kembalian`, `jual_user_id`, `jual_keterangan`) VALUES
('', '2021-02-21 22:44:11', 120000, 120000, 0, 1, 'eceran'),
('190221000001', '2021-02-19 03:30:16', 200000, 200000, 0, 5, 'eceran'),
('190221000002', '2021-02-19 04:02:48', 50000, 50000, 0, 5, 'eceran'),
('190221000003', '2021-02-19 04:44:28', 65000, 65000, 0, 5, 'eceran'),
('190221000004', '2021-02-19 05:35:30', 75000, 100000, 25000, 5, 'eceran'),
('190221000005', '2021-02-19 05:39:52', 400000, 400000, 0, 5, 'eceran'),
('190221000006', '2021-02-19 05:44:09', 30000, 50000, 20000, 5, 'eceran'),
('190221000007', '2021-02-19 05:46:54', 50000, 50000, 0, 5, 'eceran'),
('190221000008', '2021-02-19 06:05:02', 90000, 90000, 0, 5, 'eceran'),
('190221000009', '2021-02-19 06:11:55', 175000, 175000, 0, 5, 'eceran'),
('190221000010', '2021-02-19 06:36:59', 940000, 940000, 0, 5, 'eceran'),
('190221000011', '2021-02-19 06:45:17', 30000, 30000, 0, 5, 'eceran'),
('190221000012', '2021-02-19 07:23:40', 50000, 50000, 0, 6, 'eceran'),
('190221000013', '2021-02-19 07:26:22', 30000, 30000, 0, 6, 'eceran'),
('190221000014', '2021-02-19 07:30:13', 90000, 90000, 0, 6, 'eceran'),
('190221000015', '2021-02-19 07:33:05', 240000, 240000, 0, 6, 'eceran'),
('190221000016', '2021-02-19 07:58:47', 150000, 150000, 0, 6, 'eceran'),
('190221000017', '2021-02-19 08:00:46', 25000, 25000, 0, 6, 'eceran'),
('190221000018', '2021-02-19 08:04:30', 110000, 120000, 10000, 6, 'eceran'),
('190221000019', '2021-02-19 08:16:41', 50000, 50000, 0, 6, 'eceran'),
('190221000020', '2021-02-19 08:48:44', 60000, 70000, 10000, 5, 'eceran'),
('190221000021', '2021-02-19 09:06:30', 200000, 200000, 0, 5, 'eceran'),
('190221000022', '2021-02-19 09:34:39', 10000, 10000, 0, 5, 'eceran'),
('190221000023', '2021-02-19 09:50:58', 150000, 150000, 0, 6, 'eceran'),
('190221000024', '2021-02-19 09:52:58', 120000, 120000, 0, 6, 'eceran'),
('190221000025', '2021-02-19 09:55:28', 450000, 450000, 0, 6, 'eceran'),
('190221000026', '2021-02-19 11:11:32', 30000, 50000, 20000, 6, 'eceran'),
('190221000027', '2021-02-19 11:13:37', 20000, 20000, 0, 6, 'eceran'),
('190221000028', '2021-02-19 11:15:33', 20000, 20000, 0, 6, 'eceran'),
('190221000029', '2021-02-19 11:24:33', 130000, 130000, 0, 6, 'eceran'),
('190221000030', '2021-02-19 11:33:36', 100000, 100000, 0, 6, 'eceran'),
('190221000031', '2021-02-19 11:40:42', 75000, 100000, 25000, 6, 'eceran'),
('190221000032', '2021-02-19 11:45:00', 75000, 75000, 0, 6, 'eceran'),
('190221000033', '2021-02-19 11:48:10', 200000, 200000, 0, 6, 'eceran'),
('190221000034', '2021-02-19 11:49:52', 20000, 20000, 0, 6, 'eceran'),
('190221000035', '2021-02-19 11:51:35', 20000, 20000, 0, 6, 'eceran'),
('190221000036', '2021-02-19 11:54:06', 100000, 100000, 0, 6, 'eceran'),
('190221000037', '2021-02-19 11:56:25', 140000, 150000, 10000, 6, 'eceran'),
('190221000038', '2021-02-19 12:03:00', 20000, 20000, 0, 6, 'eceran'),
('190221000039', '2021-02-19 12:10:14', 15000, 20000, 5000, 6, 'eceran'),
('200221000001', '2021-02-20 01:16:22', 35000, 35000, 0, 6, 'eceran'),
('200221000002', '2021-02-20 01:20:51', 100000, 100000, 0, 6, 'eceran'),
('200221000003', '2021-02-20 02:35:22', 15000, 20000, 5000, 6, 'eceran'),
('200221000004', '2021-02-20 02:48:56', 50000, 50000, 0, 6, 'eceran'),
('200221000005', '2021-02-20 02:53:37', 70000, 70000, 0, 6, 'eceran'),
('200221000006', '2021-02-20 02:55:49', 175000, 200000, 25000, 6, 'eceran'),
('200221000007', '2021-02-20 02:57:12', 20000, 20000, 0, 6, 'eceran'),
('200221000008', '2021-02-20 02:58:34', 40000, 40000, 0, 6, 'eceran'),
('200221000009', '2021-02-20 03:01:52', 150000, 150000, 0, 6, 'eceran'),
('200221000010', '2021-02-20 03:05:21', 200000, 200000, 0, 6, 'eceran'),
('200221000011', '2021-02-20 03:07:24', 15000, 15000, 0, 6, 'eceran'),
('200221000012', '2021-02-20 03:11:10', 30000, 30000, 0, 6, 'eceran'),
('200221000013', '2021-02-20 03:33:22', 120000, 150000, 30000, 6, 'eceran'),
('200221000014', '2021-02-20 03:35:04', 30000, 30000, 0, 6, 'eceran'),
('200221000015', '2021-02-20 03:43:41', 200000, 200000, 0, 5, 'eceran'),
('200221000016', '2021-02-20 03:45:52', 270000, 270000, 0, 5, 'eceran'),
('200221000017', '2021-02-20 03:47:48', 60000, 60000, 0, 5, 'eceran'),
('200221000018', '2021-02-20 03:49:22', 50000, 50000, 0, 5, 'eceran'),
('200221000019', '2021-02-20 03:50:47', 150000, 150000, 0, 5, 'eceran'),
('200221000020', '2021-02-20 04:00:50', 120000, 120000, 0, 5, 'eceran'),
('200221000021', '2021-02-20 04:02:08', 65000, 65000, 0, 5, 'eceran'),
('200221000022', '2021-02-20 04:22:36', 60000, 60000, 0, 5, 'eceran'),
('200221000023', '2021-02-20 04:34:22', 500000, 500000, 0, 5, 'eceran'),
('200221000024', '2021-02-20 04:43:57', 200000, 200000, 0, 5, 'eceran'),
('200221000025', '2021-02-20 04:59:22', 100000, 100000, 0, 5, 'eceran'),
('200221000026', '2021-02-20 05:09:09', 110000, 110000, 0, 5, 'eceran'),
('200221000027', '2021-02-20 05:15:30', 20000, 20000, 0, 5, 'eceran'),
('200221000028', '2021-02-20 05:20:02', 60000, 60000, 0, 5, 'eceran'),
('200221000029', '2021-02-20 05:23:14', 50000, 50000, 0, 5, 'eceran'),
('200221000030', '2021-02-20 05:24:10', 100000, 100000, 0, 5, 'eceran'),
('200221000031', '2021-02-20 05:27:45', 150000, 150000, 0, 5, 'eceran'),
('200221000032', '2021-02-20 05:28:17', 85000, 85000, 0, 5, 'eceran'),
('200221000033', '2021-02-20 05:35:49', 30000, 30000, 0, 5, 'eceran'),
('200221000034', '2021-02-20 05:37:53', 225000, 225000, 0, 5, 'eceran'),
('200221000035', '2021-02-20 06:06:54', 30000, 50000, 20000, 6, 'eceran'),
('200221000036', '2021-02-20 06:09:03', 70000, 100000, 30000, 6, 'eceran'),
('200221000037', '2021-02-20 06:39:03', 60000, 60000, 0, 6, 'eceran'),
('200221000038', '2021-02-20 06:48:18', 100000, 100000, 0, 5, 'eceran'),
('200221000039', '2021-02-20 06:54:07', 160000, 200000, 40000, 5, 'eceran'),
('200221000040', '2021-02-20 06:55:57', 30000, 30000, 0, 5, 'eceran'),
('200221000041', '2021-02-20 07:08:07', 20000, 20000, 0, 5, 'eceran'),
('200221000042', '2021-02-20 07:17:45', 80000, 80000, 0, 5, 'eceran'),
('200221000043', '2021-02-20 07:20:06', 175000, 175000, 0, 5, 'eceran'),
('200221000044', '2021-02-20 07:22:01', 150000, 150000, 0, 5, 'eceran'),
('200221000045', '2021-02-20 07:24:36', 200000, 200000, 0, 5, 'eceran'),
('200221000046', '2021-02-20 07:26:16', 30000, 30000, 0, 5, 'eceran'),
('200221000047', '2021-02-20 07:27:31', 10000, 10000, 0, 5, 'eceran'),
('200221000048', '2021-02-20 07:32:17', 60000, 60000, 0, 5, 'eceran'),
('200221000049', '2021-02-20 07:34:10', 100000, 100000, 0, 5, 'eceran'),
('200221000050', '2021-02-20 07:38:54', 105000, 105000, 0, 5, 'eceran'),
('200221000051', '2021-02-20 07:40:50', 10000, 10000, 0, 5, 'eceran'),
('200221000052', '2021-02-20 07:44:52', 100000, 100000, 0, 5, 'eceran'),
('200221000053', '2021-02-20 07:47:05', 105000, 110000, 5000, 5, 'eceran'),
('200221000054', '2021-02-20 07:56:29', 25000, 50000, 25000, 5, 'eceran'),
('200221000055', '2021-02-20 08:02:46', 50000, 50000, 0, 5, 'eceran'),
('200221000056', '2021-02-20 08:04:36', 80000, 100000, 20000, 5, 'eceran'),
('200221000057', '2021-02-20 08:06:25', 15000, 15000, 0, 5, 'eceran'),
('200221000058', '2021-02-20 08:09:11', 400000, 400000, 0, 5, 'eceran'),
('200221000059', '2021-02-20 08:13:19', 40000, 40000, 0, 5, 'eceran'),
('200221000060', '2021-02-20 08:17:22', 80000, 100000, 20000, 5, 'eceran'),
('200221000061', '2021-02-20 08:19:53', 90000, 90000, 0, 5, 'eceran'),
('200221000062', '2021-02-20 08:22:17', 30000, 50000, 20000, 5, 'eceran'),
('200221000063', '2021-02-20 08:27:33', 35000, 50000, 15000, 5, 'eceran'),
('200221000064', '2021-02-20 08:30:22', 550000, 550000, 0, 5, 'eceran'),
('200221000065', '2021-02-20 08:54:30', 250000, 250000, 0, 5, 'eceran'),
('200221000066', '2021-02-20 09:02:39', 350000, 350000, 0, 5, 'eceran'),
('200221000067', '2021-02-20 09:06:08', 45000, 45000, 0, 5, 'eceran'),
('200221000068', '2021-02-20 09:24:12', 50000, 50000, 0, 5, 'eceran'),
('200221000069', '2021-02-20 09:27:00', 50000, 50000, 0, 5, 'eceran'),
('200221000070', '2021-02-20 09:28:52', 100000, 100000, 0, 5, 'eceran'),
('200221000071', '2021-02-20 09:36:25', 50000, 50000, 0, 5, 'eceran'),
('200221000072', '2021-02-20 09:38:12', 150000, 150000, 0, 5, 'eceran'),
('200221000073', '2021-02-20 09:44:59', 15000, 50000, 35000, 5, 'eceran'),
('200221000074', '2021-02-20 09:47:14', 100000, 100000, 0, 5, 'eceran'),
('200221000075', '2021-02-20 09:50:03', 50000, 50000, 0, 5, 'eceran'),
('200221000076', '2021-02-20 09:52:18', 150000, 150000, 0, 5, 'eceran'),
('200221000077', '2021-02-20 09:54:20', 80000, 100000, 20000, 5, 'eceran'),
('200221000078', '2021-02-20 09:56:29', 70000, 100000, 30000, 5, 'eceran'),
('200221000079', '2021-02-20 10:05:55', 50000, 50000, 0, 5, 'eceran'),
('210221000001', '2021-02-20 23:00:11', 120000, 120000, 0, 6, 'eceran'),
('210221000002', '2021-02-20 23:02:06', 30000, 50000, 20000, 6, 'eceran'),
('210221000003', '2021-02-20 23:03:23', 30000, 50000, 20000, 6, 'eceran'),
('210221000004', '2021-02-20 23:09:01', 30000, 30000, 0, 6, 'eceran'),
('210221000005', '2021-02-20 23:11:19', 200000, 200000, 0, 6, 'eceran'),
('210221000006', '2021-02-20 23:21:07', 180000, 180000, 0, 6, 'eceran'),
('210221000007', '2021-02-20 23:23:48', 250000, 250000, 0, 6, 'eceran'),
('210221000008', '2021-02-20 23:26:57', 400000, 400000, 0, 6, 'eceran'),
('210221000009', '2021-02-20 23:28:59', 15000, 15000, 0, 6, 'eceran'),
('210221000010', '2021-02-20 23:31:27', 90000, 100000, 10000, 6, 'eceran'),
('210221000011', '2021-02-20 23:33:37', 35000, 35000, 0, 6, 'eceran'),
('210221000012', '2021-02-20 23:35:26', 35000, 35000, 0, 6, 'eceran'),
('210221000013', '2021-02-20 23:37:35', 55000, 55000, 0, 6, 'eceran'),
('210221000014', '2021-02-20 23:39:43', 60000, 60000, 0, 6, 'eceran'),
('210221000015', '2021-02-20 23:54:44', 25000, 25000, 0, 6, 'eceran'),
('210221000016', '2021-02-20 23:56:37', 130000, 150000, 20000, 6, 'eceran'),
('210221000017', '2021-02-20 23:58:34', 5000, 5000, 0, 6, 'eceran'),
('210221000018', '2021-02-21 00:17:54', 60000, 100000, 40000, 6, 'eceran'),
('210221000019', '2021-02-21 00:27:35', 525000, 525000, 0, 6, 'eceran'),
('210221000020', '2021-02-21 00:29:57', 20000, 20000, 0, 6, 'eceran'),
('210221000021', '2021-02-21 00:32:13', 50000, 50000, 0, 6, 'eceran'),
('210221000022', '2021-02-21 00:38:13', 50000, 100000, 50000, 6, 'eceran'),
('210221000023', '2021-02-21 00:47:39', 60000, 60000, 0, 6, 'eceran'),
('210221000024', '2021-02-21 00:48:12', 50000, 100000, 50000, 6, 'eceran'),
('210221000025', '2021-02-21 00:51:20', 40000, 40000, 0, 6, 'eceran'),
('210221000026', '2021-02-21 00:53:42', 65000, 100000, 35000, 6, 'eceran'),
('210221000027', '2021-02-21 00:55:02', 50000, 100000, 50000, 6, 'eceran'),
('210221000028', '2021-02-21 00:56:08', 20000, 20000, 0, 6, 'eceran'),
('210221000029', '2021-02-21 00:57:42', 200000, 200000, 0, 6, 'eceran'),
('210221000030', '2021-02-21 00:59:50', 100000, 100000, 0, 6, 'eceran'),
('210221000031', '2021-02-21 01:10:17', 200000, 200000, 0, 6, 'eceran'),
('210221000032', '2021-02-21 01:12:33', 100000, 100000, 0, 6, 'eceran'),
('210221000033', '2021-02-21 01:13:48', 50000, 50000, 0, 6, 'eceran'),
('210221000034', '2021-02-21 01:17:51', 350000, 350000, 0, 6, 'eceran'),
('210221000035', '2021-02-21 01:18:47', 50000, 50000, 0, 6, 'eceran'),
('210221000036', '2021-02-21 01:20:54', 115000, 115000, 0, 6, 'eceran'),
('210221000037', '2021-02-21 01:24:22', 35000, 50000, 15000, 6, 'eceran'),
('210221000038', '2021-02-21 01:25:18', 60000, 60000, 0, 6, 'eceran'),
('210221000039', '2021-02-21 01:28:05', 140000, 150000, 10000, 6, 'eceran'),
('210221000040', '2021-02-21 01:29:19', 40000, 40000, 0, 6, 'eceran'),
('210221000041', '2021-02-21 01:30:48', 275000, 300000, 25000, 6, 'eceran'),
('210221000042', '2021-02-21 01:32:12', 60000, 100000, 40000, 6, 'eceran'),
('210221000043', '2021-02-21 01:34:32', 550000, 550000, 0, 6, 'eceran'),
('210221000044', '2021-02-21 01:40:46', 400000, 400000, 0, 6, 'eceran'),
('210221000045', '2021-02-21 01:41:52', 65000, 65000, 0, 6, 'eceran'),
('210221000046', '2021-02-21 01:44:26', 175000, 175000, 0, 6, 'eceran'),
('210221000047', '2021-02-21 01:46:02', 120000, 120000, 0, 6, 'eceran'),
('210221000048', '2021-02-21 01:51:30', 50000, 100000, 50000, 6, 'eceran'),
('210221000049', '2021-02-21 01:54:53', 50000, 50000, 0, 6, 'eceran'),
('210221000050', '2021-02-21 02:11:33', 120000, 120000, 0, 6, 'eceran'),
('210221000051', '2021-02-21 02:20:46', 50000, 50000, 0, 6, 'eceran'),
('210221000052', '2021-02-21 02:22:02', 30000, 50000, 20000, 6, 'eceran'),
('210221000053', '2021-02-21 02:28:00', 150000, 200000, 50000, 5, 'eceran'),
('210221000054', '2021-02-21 02:33:45', 41000, 41000, 0, 5, 'eceran'),
('210221000055', '2021-02-21 02:36:42', 20000, 20000, 0, 5, 'eceran'),
('210221000056', '2021-02-21 02:39:09', 35000, 35000, 0, 5, 'eceran'),
('210221000057', '2021-02-21 02:40:36', 150000, 200000, 50000, 5, 'eceran'),
('210221000058', '2021-02-21 02:43:02', 300000, 300000, 0, 5, 'eceran'),
('210221000059', '2021-02-21 02:46:37', 375000, 400000, 25000, 5, 'eceran'),
('210221000060', '2021-02-21 02:52:30', 860000, 860000, 0, 5, 'eceran'),
('210221000061', '2021-02-21 03:00:55', 300000, 300000, 0, 5, 'eceran'),
('210221000062', '2021-02-21 03:03:29', 200000, 200000, 0, 5, 'eceran'),
('210221000063', '2021-02-21 03:05:19', 80000, 100000, 20000, 5, 'eceran'),
('210221000064', '2021-02-21 03:07:11', 70000, 70000, 0, 5, 'eceran'),
('210221000065', '2021-02-21 03:08:46', 100000, 100000, 0, 5, 'eceran'),
('210221000066', '2021-02-21 03:10:55', 220000, 220000, 0, 5, 'eceran'),
('210221000067', '2021-02-21 03:13:34', 200000, 200000, 0, 5, 'eceran'),
('210221000068', '2021-02-21 03:23:45', 200000, 200000, 0, 5, 'eceran'),
('210221000069', '2021-02-21 03:25:26', 100000, 100000, 0, 5, 'eceran'),
('210221000070', '2021-02-21 03:28:32', 114000, 115000, 1000, 5, 'eceran'),
('210221000071', '2021-02-21 03:31:21', 200000, 200000, 0, 5, 'eceran'),
('210221000072', '2021-02-21 03:33:19', 95000, 100000, 5000, 5, 'eceran'),
('210221000073', '2021-02-21 03:34:15', 30000, 30000, 0, 5, 'eceran'),
('210221000074', '2021-02-21 03:34:57', 30000, 30000, 0, 5, 'eceran'),
('210221000075', '2021-02-21 03:44:43', 70000, 100000, 30000, 6, 'eceran'),
('210221000076', '2021-02-21 03:57:59', 100000, 100000, 0, 6, 'eceran'),
('210221000077', '2021-02-21 04:26:37', 50000, 50000, 0, 6, 'eceran'),
('210221000078', '2021-02-21 04:29:49', 700000, 700000, 0, 6, 'eceran'),
('210221000079', '2021-02-21 04:32:02', 30000, 30000, 0, 6, 'eceran'),
('210221000080', '2021-02-21 04:33:36', 110000, 110000, 0, 6, 'eceran'),
('210221000081', '2021-02-21 04:35:23', 80000, 100000, 20000, 6, 'eceran'),
('210221000082', '2021-02-21 04:40:05', 800000, 800000, 0, 6, 'eceran'),
('210221000083', '2021-02-21 04:41:46', 40000, 40000, 0, 6, 'eceran'),
('210221000084', '2021-02-21 04:44:16', 50000, 50000, 0, 6, 'eceran'),
('210221000085', '2021-02-21 04:53:26', 10000, 10000, 0, 6, 'eceran'),
('210221000086', '2021-02-21 04:57:22', 10000, 10000, 0, 5, 'eceran'),
('210221000087', '2021-02-21 04:59:09', 30000, 30000, 0, 5, 'eceran'),
('210221000088', '2021-02-21 05:06:00', 220000, 220000, 0, 5, 'eceran'),
('210221000089', '2021-02-21 05:11:00', 50000, 50000, 0, 5, 'eceran'),
('210221000090', '2021-02-21 05:32:03', 450000, 450000, 0, 5, 'eceran'),
('210221000091', '2021-02-21 05:38:37', 275000, 275000, 0, 5, 'eceran'),
('210221000092', '2021-02-21 05:39:19', 120000, 120000, 0, 5, 'eceran'),
('210221000093', '2021-02-21 05:41:23', 120000, 120000, 0, 5, 'eceran'),
('210221000094', '2021-02-21 05:43:31', 20000, 50000, 30000, 5, 'eceran'),
('210221000095', '2021-02-21 05:52:10', 300000, 300000, 0, 5, 'eceran'),
('210221000096', '2021-02-21 05:59:46', 70000, 70000, 0, 5, 'eceran'),
('210221000097', '2021-02-21 06:02:40', 185000, 200000, 15000, 5, 'eceran'),
('210221000098', '2021-02-21 06:08:25', 75000, 75000, 0, 5, 'eceran'),
('210221000099', '2021-02-21 06:14:53', 65000, 100000, 35000, 5, 'eceran'),
('210221000100', '2021-02-21 06:22:15', 100000, 100000, 0, 5, 'eceran'),
('210221000101', '2021-02-21 06:26:24', 150000, 200000, 50000, 5, 'eceran'),
('210221000102', '2021-02-21 06:29:52', 80000, 80000, 0, 5, 'eceran'),
('210221000103', '2021-02-21 06:31:22', 120000, 120000, 0, 5, 'eceran'),
('210221000104', '2021-02-21 06:34:11', 350000, 350000, 0, 5, 'eceran'),
('210221000105', '2021-02-21 06:43:51', 50000, 100000, 50000, 5, 'eceran'),
('210221000106', '2021-02-21 07:16:22', 15000, 20000, 5000, 5, 'eceran'),
('210221000107', '2021-02-21 07:38:58', 30000, 100000, 70000, 5, 'eceran'),
('210221000108', '2021-02-21 07:49:52', 50000, 50000, 0, 5, 'eceran'),
('210221000109', '2021-02-21 08:11:37', 105000, 150000, 45000, 5, 'eceran'),
('210221000110', '2021-02-21 08:16:49', 10000, 10000, 0, 5, 'eceran'),
('210221000111', '2021-02-21 08:28:41', 50000, 50000, 0, 5, 'eceran'),
('210221000112', '2021-02-21 08:35:51', 300000, 300000, 0, 5, 'eceran'),
('220221000001', '2021-02-22 04:02:46', 120000, 120000, 0, 6, 'eceran'),
('220221000002', '2021-02-22 05:48:37', 15000, 50000, 35000, 6, 'eceran'),
('220221000003', '2021-02-22 05:54:57', 80000, 80000, 0, 6, 'eceran'),
('220221000004', '2021-02-22 05:58:58', 300000, 300000, 0, 6, 'eceran'),
('220221000005', '2021-02-22 06:01:32', 35000, 55000, 20000, 6, 'eceran'),
('220221000006', '2021-02-22 06:08:33', 35000, 35000, 0, 6, 'eceran'),
('220221000007', '2021-02-22 06:13:55', 35000, 50000, 15000, 6, 'eceran'),
('220221000008', '2021-02-22 06:20:37', 50000, 50000, 0, 6, 'eceran'),
('220221000009', '2021-02-22 06:23:10', 100000, 100000, 0, 6, 'eceran'),
('220221000010', '2021-02-22 07:01:06', 130000, 200000, 70000, 5, 'eceran'),
('220221000011', '2021-02-22 07:08:01', 600000, 600000, 0, 5, 'eceran'),
('220221000012', '2021-02-22 07:15:24', 250000, 250000, 0, 5, 'eceran'),
('220221000013', '2021-02-22 07:15:49', 180000, 180000, 0, 5, 'eceran'),
('220221000014', '2021-02-22 07:27:36', 300000, 300000, 0, 5, 'eceran'),
('220221000015', '2021-02-22 08:39:22', 200000, 200000, 0, 5, 'eceran'),
('220221000016', '2021-02-22 08:49:04', 55000, 100000, 45000, 5, 'eceran'),
('220221000017', '2021-02-22 08:50:29', 80000, 80000, 0, 5, 'eceran'),
('220221000018', '2021-02-22 08:52:20', 100000, 100000, 0, 5, 'eceran'),
('220221000019', '2021-02-22 08:54:04', 25000, 25000, 0, 5, 'eceran'),
('220221000020', '2021-02-22 08:56:52', 130000, 150000, 20000, 5, 'eceran'),
('220221000021', '2021-02-22 08:59:04', 75000, 75000, 0, 5, 'eceran'),
('220221000022', '2021-02-22 09:05:01', 250000, 250000, 0, 5, 'eceran'),
('220221000023', '2021-02-22 09:28:44', 170000, 170000, 0, 5, 'eceran'),
('220221000024', '2021-02-22 09:36:01', 30000, 30000, 0, 5, 'eceran'),
('220221000025', '2021-02-22 09:57:49', 50000, 50000, 0, 5, 'eceran'),
('220221000026', '2021-02-22 10:29:09', 400000, 400000, 0, 5, 'eceran'),
('220221000027', '2021-02-22 10:31:52', 50000, 50000, 0, 5, 'eceran'),
('220221000028', '2021-02-22 10:51:50', 125000, 150000, 25000, 5, 'eceran'),
('220221000029', '2021-02-22 10:54:53', 90000, 100000, 10000, 5, 'eceran'),
('220221000030', '2021-02-22 10:58:41', 1500000, 1500000, 0, 5, 'eceran'),
('220221000031', '2021-02-22 11:00:37', 20000, 20000, 0, 5, 'eceran'),
('220221000032', '2021-02-22 11:02:51', 45000, 100000, 55000, 5, 'eceran'),
('220221000033', '2021-02-22 11:07:05', 50000, 50000, 0, 5, 'eceran'),
('220221000034', '2021-02-22 11:08:23', 150000, 150000, 0, 5, 'eceran'),
('220221000035', '2021-02-22 11:09:42', 150000, 150000, 0, 5, 'eceran'),
('220221000036', '2021-02-22 11:10:20', 50000, 50000, 0, 5, 'eceran'),
('220221000037', '2021-02-22 12:16:53', 20000, 20000, 0, 5, 'eceran'),
('220221000038', '2021-02-22 12:19:51', 65000, 65000, 0, 5, 'eceran'),
('220221000039', '2021-02-22 12:42:34', 300000, 300000, 0, 5, 'eceran'),
('220221000040', '2021-02-22 12:47:53', 800000, 800000, 0, 5, 'eceran'),
('220221000041', '2021-02-22 12:52:03', 475000, 475000, 0, 5, 'eceran'),
('230221000001', '2021-02-23 04:53:09', 60000, 100000, 40000, 5, 'eceran'),
('230221000002', '2021-02-23 05:34:41', 110000, 110000, 0, 5, 'eceran'),
('230221000003', '2021-02-23 05:35:40', 140000, 140000, 0, 5, 'eceran'),
('230221000004', '2021-02-23 05:52:42', 20000, 20000, 0, 5, 'eceran'),
('230221000005', '2021-02-23 06:46:09', 120000, 150000, 30000, 5, 'eceran'),
('230221000006', '2021-02-23 06:53:07', 200000, 200000, 0, 5, 'eceran'),
('230221000007', '2021-02-23 07:09:26', 100000, 100000, 0, 5, 'eceran'),
('230221000008', '2021-02-23 07:32:36', 140000, 140000, 0, 5, 'eceran'),
('230221000009', '2021-02-23 07:47:35', 40000, 50000, 10000, 5, 'eceran'),
('230221000010', '2021-02-23 07:58:04', 120000, 200000, 80000, 5, 'eceran'),
('230221000011', '2021-02-23 08:10:12', 25000, 30000, 5000, 5, 'eceran'),
('230221000012', '2021-02-23 09:07:59', 470000, 500000, 30000, 5, 'eceran'),
('230221000013', '2021-02-23 09:23:56', 150000, 150000, 0, 5, 'eceran'),
('230221000014', '2021-02-23 09:31:00', 115000, 150000, 35000, 5, 'eceran'),
('230221000015', '2021-02-23 09:32:47', 30000, 50000, 20000, 5, 'eceran'),
('230221000016', '2021-02-23 09:37:53', 200000, 200000, 0, 5, 'eceran'),
('230221000017', '2021-02-23 09:54:07', 20000, 20000, 0, 5, 'eceran'),
('230221000018', '2021-02-23 10:30:33', 50000, 50000, 0, 6, 'eceran'),
('230221000019', '2021-02-23 10:52:41', 20000, 20000, 0, 6, 'eceran'),
('230221000020', '2021-02-23 11:10:43', 100000, 100000, 0, 6, 'eceran'),
('230221000021', '2021-02-23 11:12:43', 450000, 450000, 0, 6, 'eceran'),
('230221000022', '2021-02-23 11:15:35', 20000, 50000, 30000, 6, 'eceran'),
('230221000023', '2021-02-23 11:21:55', 150000, 200000, 50000, 6, 'eceran'),
('230221000024', '2021-02-23 11:28:22', 20000, 50000, 30000, 6, 'eceran'),
('230221000025', '2021-02-23 11:40:33', 100000, 100000, 0, 6, 'eceran');

-- --------------------------------------------------------

--
-- Table structure for table `tbl_kategori`
--

CREATE TABLE `tbl_kategori` (
  `kategori_id` int(11) NOT NULL,
  `kategori_nama` varchar(35) DEFAULT NULL
) ENGINE=InnoDB DEFAULT CHARSET=latin1;

--
-- Dumping data for table `tbl_kategori`
--

INSERT INTO `tbl_kategori` (`kategori_id`, `kategori_nama`) VALUES
(46, 'Deandra Gardening'),
(47, 'Kudara Plants'),
(48, 'Cluster Bunga Gowa'),
(49, 'Almaplants'),
(50, 'TCC'),
(51, 'Mahilashop'),
(52, 'Melona Garden'),
(53, 'Kebunta MKS'),
(54, 'Family Farm Hydroponics'),
(55, 'AFAea Studio');

-- --------------------------------------------------------

--
-- Table structure for table `tbl_retur`
--

CREATE TABLE `tbl_retur` (
  `retur_id` int(11) NOT NULL,
  `retur_tanggal` timestamp NULL DEFAULT CURRENT_TIMESTAMP,
  `retur_barang_id` varchar(15) DEFAULT NULL,
  `retur_barang_nama` varchar(150) DEFAULT NULL,
  `retur_barang_satuan` varchar(30) DEFAULT NULL,
  `retur_harjul` double DEFAULT NULL,
  `retur_qty` int(11) DEFAULT NULL,
  `retur_subtotal` double DEFAULT NULL,
  `retur_keterangan` varchar(150) DEFAULT NULL
) ENGINE=InnoDB DEFAULT CHARSET=latin1;

-- --------------------------------------------------------

--
-- Table structure for table `tbl_suplier`
--

CREATE TABLE `tbl_suplier` (
  `suplier_id` int(11) NOT NULL,
  `suplier_nama` varchar(35) DEFAULT NULL,
  `suplier_alamat` varchar(60) DEFAULT NULL,
  `suplier_notelp` varchar(20) DEFAULT NULL
) ENGINE=InnoDB DEFAULT CHARSET=latin1;

-- --------------------------------------------------------

--
-- Table structure for table `tbl_user`
--

CREATE TABLE `tbl_user` (
  `user_id` int(11) NOT NULL,
  `user_nama` varchar(35) DEFAULT NULL,
  `user_username` varchar(30) DEFAULT NULL,
  `user_password` varchar(35) DEFAULT NULL,
  `user_level` varchar(2) DEFAULT NULL,
  `user_status` varchar(2) DEFAULT '1'
) ENGINE=InnoDB DEFAULT CHARSET=latin1;

--
-- Dumping data for table `tbl_user`
--

INSERT INTO `tbl_user` (`user_id`, `user_nama`, `user_username`, `user_password`, `user_level`, `user_status`) VALUES
(1, 'helpdesk', 'helpdesk', '2aa5361c6d9a8966f35ddf6def64edd4', '1', '1'),
(2, 'Kasir', 'kasir', '2aa5361c6d9a8966f35ddf6def64edd4', '2', '0'),
(5, 'Nurul Izza', 'nurul', '451692fb66fde7b32942537e8a80b47f', '2', '1'),
(6, 'Zaidi Tahir', 'zaidi', '451692fb66fde7b32942537e8a80b47f', '2', '1');

--
-- Indexes for dumped tables
--

--
-- Indexes for table `tbl_barang`
--
ALTER TABLE `tbl_barang`
  ADD PRIMARY KEY (`barang_id`),
  ADD KEY `barang_user_id` (`barang_user_id`),
  ADD KEY `barang_kategori_id` (`barang_kategori_id`);

--
-- Indexes for table `tbl_beli`
--
ALTER TABLE `tbl_beli`
  ADD PRIMARY KEY (`beli_kode`),
  ADD KEY `beli_user_id` (`beli_user_id`),
  ADD KEY `beli_suplier_id` (`beli_suplier_id`),
  ADD KEY `beli_id` (`beli_kode`);

--
-- Indexes for table `tbl_detail_beli`
--
ALTER TABLE `tbl_detail_beli`
  ADD PRIMARY KEY (`d_beli_id`),
  ADD KEY `d_beli_barang_id` (`d_beli_barang_id`),
  ADD KEY `d_beli_nofak` (`d_beli_nofak`),
  ADD KEY `d_beli_kode` (`d_beli_kode`);

--
-- Indexes for table `tbl_detail_jual`
--
ALTER TABLE `tbl_detail_jual`
  ADD PRIMARY KEY (`d_jual_id`),
  ADD KEY `d_jual_barang_id` (`d_jual_barang_id`),
  ADD KEY `d_jual_nofak` (`d_jual_nofak`);

--
-- Indexes for table `tbl_jual`
--
ALTER TABLE `tbl_jual`
  ADD PRIMARY KEY (`jual_nofak`),
  ADD KEY `jual_user_id` (`jual_user_id`);

--
-- Indexes for table `tbl_kategori`
--
ALTER TABLE `tbl_kategori`
  ADD PRIMARY KEY (`kategori_id`);

--
-- Indexes for table `tbl_retur`
--
ALTER TABLE `tbl_retur`
  ADD PRIMARY KEY (`retur_id`);

--
-- Indexes for table `tbl_suplier`
--
ALTER TABLE `tbl_suplier`
  ADD PRIMARY KEY (`suplier_id`);

--
-- Indexes for table `tbl_user`
--
ALTER TABLE `tbl_user`
  ADD PRIMARY KEY (`user_id`);

--
-- AUTO_INCREMENT for dumped tables
--

--
-- AUTO_INCREMENT for table `tbl_detail_beli`
--
ALTER TABLE `tbl_detail_beli`
  MODIFY `d_beli_id` int(11) NOT NULL AUTO_INCREMENT;

--
-- AUTO_INCREMENT for table `tbl_detail_jual`
--
ALTER TABLE `tbl_detail_jual`
  MODIFY `d_jual_id` int(11) NOT NULL AUTO_INCREMENT, AUTO_INCREMENT=392;

--
-- AUTO_INCREMENT for table `tbl_kategori`
--
ALTER TABLE `tbl_kategori`
  MODIFY `kategori_id` int(11) NOT NULL AUTO_INCREMENT, AUTO_INCREMENT=56;

--
-- AUTO_INCREMENT for table `tbl_retur`
--
ALTER TABLE `tbl_retur`
  MODIFY `retur_id` int(11) NOT NULL AUTO_INCREMENT;

--
-- AUTO_INCREMENT for table `tbl_suplier`
--
ALTER TABLE `tbl_suplier`
  MODIFY `suplier_id` int(11) NOT NULL AUTO_INCREMENT;

--
-- AUTO_INCREMENT for table `tbl_user`
--
ALTER TABLE `tbl_user`
  MODIFY `user_id` int(11) NOT NULL AUTO_INCREMENT, AUTO_INCREMENT=7;

--
-- Constraints for dumped tables
--

--
-- Constraints for table `tbl_barang`
--
ALTER TABLE `tbl_barang`
  ADD CONSTRAINT `tbl_barang_ibfk_1` FOREIGN KEY (`barang_user_id`) REFERENCES `tbl_user` (`user_id`) ON UPDATE CASCADE,
  ADD CONSTRAINT `tbl_barang_ibfk_2` FOREIGN KEY (`barang_kategori_id`) REFERENCES `tbl_kategori` (`kategori_id`) ON UPDATE CASCADE;

--
-- Constraints for table `tbl_beli`
--
ALTER TABLE `tbl_beli`
  ADD CONSTRAINT `tbl_beli_ibfk_1` FOREIGN KEY (`beli_user_id`) REFERENCES `tbl_user` (`user_id`) ON UPDATE CASCADE,
  ADD CONSTRAINT `tbl_beli_ibfk_2` FOREIGN KEY (`beli_suplier_id`) REFERENCES `tbl_suplier` (`suplier_id`) ON UPDATE CASCADE;

--
-- Constraints for table `tbl_detail_beli`
--
ALTER TABLE `tbl_detail_beli`
  ADD CONSTRAINT `tbl_detail_beli_ibfk_1` FOREIGN KEY (`d_beli_barang_id`) REFERENCES `tbl_barang` (`barang_id`) ON UPDATE CASCADE,
  ADD CONSTRAINT `tbl_detail_beli_ibfk_2` FOREIGN KEY (`d_beli_kode`) REFERENCES `tbl_beli` (`beli_kode`) ON UPDATE CASCADE;

--
-- Constraints for table `tbl_detail_jual`
--
ALTER TABLE `tbl_detail_jual`
  ADD CONSTRAINT `tbl_detail_jual_ibfk_1` FOREIGN KEY (`d_jual_barang_id`) REFERENCES `tbl_barang` (`barang_id`) ON UPDATE CASCADE,
  ADD CONSTRAINT `tbl_detail_jual_ibfk_2` FOREIGN KEY (`d_jual_nofak`) REFERENCES `tbl_jual` (`jual_nofak`) ON UPDATE CASCADE;

--
-- Constraints for table `tbl_jual`
--
ALTER TABLE `tbl_jual`
  ADD CONSTRAINT `tbl_jual_ibfk_1` FOREIGN KEY (`jual_user_id`) REFERENCES `tbl_user` (`user_id`) ON UPDATE CASCADE;
COMMIT;

/*!40101 SET CHARACTER_SET_CLIENT=@OLD_CHARACTER_SET_CLIENT */;
/*!40101 SET CHARACTER_SET_RESULTS=@OLD_CHARACTER_SET_RESULTS */;
/*!40101 SET COLLATION_CONNECTION=@OLD_COLLATION_CONNECTION */;
